{"data":[{"ObjectIdentifier": "F6984314-43FB-4127-853B-ED0610A1546C", "Properties": {"domain": "NORTH.SEVENKINGDOMS.LOCAL", "name": "WMIGPO@NORTH.SEVENKINGDOMS.LOCAL", "distinguishedname": "CN=WMIGPO,CN=WMIPOLICY,CN=SYSTEM,DC=NORTH,DC=SEVENKINGDOMS,DC=LOCAL", "domainsid": "S-1-5-21-3266791229-360309560-1389371857", "highvalue": false, "description": "", "whencreated": 1737397505}, "IsDeleted": false, "IsACLProtected": false, "Aces": [{"RightName": "Owns", "IsInherited": false, "PrincipalSID": "S-1-5-21-3266791229-360309560-1389371857-512", "PrincipalType": "Group"}, {"RightName": "WriteOwner", "IsInherited": false, "PrincipalSID": "S-1-5-21-3266791229-360309560-1389371857-512", "PrincipalType": "Group"}, {"RightName": "WriteDacl", "IsInherited": false, "PrincipalSID": "S-1-5-21-3266791229-360309560-1389371857-512", "PrincipalType": "Group"}, {"RightName": "GenericAll", "IsInherited": true, "PrincipalSID": "S-1-5-21-2220738282-505633919-3984253722-519", "PrincipalType": "Group"}, {"RightName": "GenericAll", "IsInherited": true, "PrincipalSID": "S-1-5-21-3266791229-360309560-1389371857-512", "PrincipalType": "Group"}], "ChildObjects": []},{"ObjectIdentifier": "59B2B686-0461-4025-8F54-AC419317876D", "Properties": {"domain": "NORTH.SEVENKINGDOMS.LOCAL", "name": "POLICYTYPE@NORTH.SEVENKINGDOMS.LOCAL", "distinguishedname": "CN=POLICYTYPE,CN=WMIPOLICY,CN=SYSTEM,DC=NORTH,DC=SEVENKINGDOMS,DC=LOCAL", "domainsid": "S-1-5-21-3266791229-360309560-1389371857", "highvalue": false, "description": "", "whencreated": 1737397505}, "IsDeleted": false, "IsACLProtected": false, "Aces": [{"RightName": "Owns", "IsInherited": false, "PrincipalSID": "S-1-5-21-3266791229-360309560-1389371857-512", "PrincipalType": "Group"}, {"RightName": "WriteOwner", "IsInherited": false, "PrincipalSID": "S-1-5-21-3266791229-360309560-1389371857-512", "PrincipalType": "Group"}, {"RightName": "WriteDacl", "IsInherited": false, "PrincipalSID": "S-1-5-21-3266791229-360309560-1389371857-512", "PrincipalType": "Group"}, {"RightName": "GenericAll", "IsInherited": true, "PrincipalSID": "S-1-5-21-2220738282-505633919-3984253722-519", "PrincipalType": "Group"}, {"RightName": "GenericAll", "IsInherited": true, "PrincipalSID": "S-1-5-21-3266791229-360309560-1389371857-512", "PrincipalType": "Group"}], "ChildObjects": []},{"ObjectIdentifier": "FFE8CC9A-AC3C-43BB-BF2F-42DF67DCA3EB", "Properties": {"domain": "NORTH.SEVENKINGDOMS.LOCAL", "name": "SOM@NORTH.SEVENKINGDOMS.LOCAL", "distinguishedname": "CN=SOM,CN=WMIPOLICY,CN=SYSTEM,DC=NORTH,DC=SEVENKINGDOMS,DC=LOCAL", "domainsid": "S-1-5-21-3266791229-360309560-1389371857", "highvalue": false, "description": "", "whencreated": 1737397505}, "IsDeleted": false, "IsACLProtected": true, "Aces": [{"RightName": "Owns", "IsInherited": false, "PrincipalSID": "S-1-5-21-3266791229-360309560-1389371857-512", "PrincipalType": "Group"}, {"RightName": "GenericAll", "IsInherited": false, "PrincipalSID": "S-1-5-21-3266791229-360309560-1389371857-512", "PrincipalType": "Group"}, {"RightName": "GenericAll", "IsInherited": false, "PrincipalSID": "S-1-5-21-2220738282-505633919-3984253722-519", "PrincipalType": "Group"}], "ChildObjects": []},{"ObjectIdentifier": "15D2A183-3210-41F9-A20F-44B1C009110E", "Properties": {"domain": "NORTH.SEVENKINGDOMS.LOCAL", "name": "POLICYTEMPLATE@NORTH.SEVENKINGDOMS.LOCAL", "distinguishedname": "CN=POLICYTEMPLATE,CN=WMIPOLICY,CN=SYSTEM,DC=NORTH,DC=SEVENKINGDOMS,DC=LOCAL", "domainsid": "S-1-5-21-3266791229-360309560-1389371857", "highvalue": false, "description": "", "whencreated": 1737397505}, "IsDeleted": false, "IsACLProtected": false, "Aces": [{"RightName": "Owns", "IsInherited": false, "PrincipalSID": "S-1-5-21-3266791229-360309560-1389371857-512", "PrincipalType": "Group"}, {"RightName": "WriteOwner", "IsInherited": false, "PrincipalSID": "S-1-5-21-3266791229-360309560-1389371857-512", "PrincipalType": "Group"}, {"RightName": "WriteDacl", "IsInherited": false, "PrincipalSID": "S-1-5-21-3266791229-360309560-1389371857-512", "PrincipalType": "Group"}, {"RightName": "GenericAll", "IsInherited": true, "PrincipalSID": "S-1-5-21-2220738282-505633919-3984253722-519", "PrincipalType": "Group"}, {"RightName": "GenericAll", "IsInherited": true, "PrincipalSID": "S-1-5-21-3266791229-360309560-1389371857-512", "PrincipalType": "Group"}], "ChildObjects": []},{"ObjectIdentifier": "4CD932FC-7C2D-4801-8964-AD8F1860CE37", "Properties": {"domain": "NORTH.SEVENKINGDOMS.LOCAL", "name": "WMIPOLICY@NORTH.SEVENKINGDOMS.LOCAL", "distinguishedname": "CN=WMIPOLICY,CN=SYSTEM,DC=NORTH,DC=SEVENKINGDOMS,DC=LOCAL", "domainsid": "S-1-5-21-3266791229-360309560-1389371857", "highvalue": false, "description": "", "whencreated": 1737397505}, "IsDeleted": false, "IsACLProtected": true, "Aces": [{"RightName": "Owns", "IsInherited": false, "PrincipalSID": "S-1-5-21-3266791229-360309560-1389371857-512", "PrincipalType": "Group"}, {"RightName": "GenericAll", "IsInherited": false, "PrincipalSID": "S-1-5-21-2220738282-505633919-3984253722-519", "PrincipalType": "Group"}, {"RightName": "GenericAll", "IsInherited": false, "PrincipalSID": "S-1-5-21-3266791229-360309560-1389371857-512", "PrincipalType": "Group"}], "ChildObjects": []},{"ObjectIdentifier": "66B154EE-283A-4CE0-90EC-EC3923AAB2A9", "Properties": {"domain": "NORTH.SEVENKINGDOMS.LOCAL", "name": "COMPARTITIONSETS@NORTH.SEVENKINGDOMS.LOCAL", "distinguishedname": "CN=COMPARTITIONSETS,CN=SYSTEM,DC=NORTH,DC=SEVENKINGDOMS,DC=LOCAL", "domainsid": "S-1-5-21-3266791229-360309560-1389371857", "highvalue": false, "description": "", "whencreated": 1737397505}, "IsDeleted": false, "IsACLProtected": false, "Aces": [{"RightName": "Owns", "IsInherited": false, "PrincipalSID": "S-1-5-21-3266791229-360309560-1389371857-512", "PrincipalType": "Group"}, {"RightName": "WriteOwner", "IsInherited": false, "PrincipalSID": "S-1-5-21-3266791229-360309560-1389371857-512", "PrincipalType": "Group"}, {"RightName": "WriteDacl", "IsInherited": false, "PrincipalSID": "S-1-5-21-3266791229-360309560-1389371857-512", "PrincipalType": "Group"}, {"RightName": "GenericAll", "IsInherited": true, "PrincipalSID": "S-1-5-21-2220738282-505633919-3984253722-519", "PrincipalType": "Group"}, {"RightName": "WriteOwner", "IsInherited": true, "PrincipalSID": "NORTH.SEVENKINGDOMS.LOCAL-S-1-5-32-544", "PrincipalType": "Group"}, {"RightName": "WriteDacl", "IsInherited": true, "PrincipalSID": "NORTH.SEVENKINGDOMS.LOCAL-S-1-5-32-544", "PrincipalType": "Group"}], "ChildObjects": []},{"ObjectIdentifier": "B2863B83-E798-40E3-8694-D99C1F15768A", "Properties": {"domain": "NORTH.SEVENKINGDOMS.LOCAL", "name": "COMPARTITIONS@NORTH.SEVENKINGDOMS.LOCAL", "distinguishedname": "CN=COMPARTITIONS,CN=SYSTEM,DC=NORTH,DC=SEVENKINGDOMS,DC=LOCAL", "domainsid": "S-1-5-21-3266791229-360309560-1389371857", "highvalue": false, "description": "", "whencreated": 1737397505}, "IsDeleted": false, "IsACLProtected": false, "Aces": [{"RightName": "Owns", "IsInherited": false, "PrincipalSID": "S-1-5-21-3266791229-360309560-1389371857-512", "PrincipalType": "Group"}, {"RightName": "WriteOwner", "IsInherited": false, "PrincipalSID": "S-1-5-21-3266791229-360309560-1389371857-512", "PrincipalType": "Group"}, {"RightName": "WriteDacl", "IsInherited": false, "PrincipalSID": "S-1-5-21-3266791229-360309560-1389371857-512", "PrincipalType": "Group"}, {"RightName": "GenericAll", "IsInherited": true, "PrincipalSID": "S-1-5-21-2220738282-505633919-3984253722-519", "PrincipalType": "Group"}, {"RightName": "WriteOwner", "IsInherited": true, "PrincipalSID": "NORTH.SEVENKINGDOMS.LOCAL-S-1-5-32-544", "PrincipalType": "Group"}, {"RightName": "WriteDacl", "IsInherited": true, "PrincipalSID": "NORTH.SEVENKINGDOMS.LOCAL-S-1-5-32-544", "PrincipalType": "Group"}], "ChildObjects": []},{"ObjectIdentifier": "BACBFF8E-7BE7-4340-BF4D-E164C242D47B", "Properties": {"domain": "NORTH.SEVENKINGDOMS.LOCAL", "name": "ADMINSDHOLDER@NORTH.SEVENKINGDOMS.LOCAL", "distinguishedname": "CN=ADMINSDHOLDER,CN=SYSTEM,DC=NORTH,DC=SEVENKINGDOMS,DC=LOCAL", "domainsid": "S-1-5-21-3266791229-360309560-1389371857", "highvalue": false, "description": "", "whencreated": 1737397505}, "IsDeleted": false, "IsACLProtected": true, "Aces": [{"RightName": "Owns", "IsInherited": false, "PrincipalSID": "S-1-5-21-3266791229-360309560-1389371857-512", "PrincipalType": "Group"}, {"RightName": "WriteOwner", "IsInherited": false, "PrincipalSID": "S-1-5-21-3266791229-360309560-1389371857-512", "PrincipalType": "Group"}, {"RightName": "WriteDacl", "IsInherited": false, "PrincipalSID": "S-1-5-21-3266791229-360309560-1389371857-512", "PrincipalType": "Group"}, {"RightName": "WriteOwner", "IsInherited": false, "PrincipalSID": "S-1-5-21-2220738282-505633919-3984253722-519", "PrincipalType": "Group"}, {"RightName": "WriteDacl", "IsInherited": false, "PrincipalSID": "S-1-5-21-2220738282-505633919-3984253722-519", "PrincipalType": "Group"}, {"RightName": "WriteOwner", "IsInherited": false, "PrincipalSID": "NORTH.SEVENKINGDOMS.LOCAL-S-1-5-32-544", "PrincipalType": "Group"}, {"RightName": "WriteDacl", "IsInherited": false, "PrincipalSID": "NORTH.SEVENKINGDOMS.LOCAL-S-1-5-32-544", "PrincipalType": "Group"}], "ChildObjects": []},{"ObjectIdentifier": "3530786C-CDA4-4A7B-AC57-8BBE4B5DFCD0", "Properties": {"domain": "NORTH.SEVENKINGDOMS.LOCAL", "name": "RAS AND IAS SERVERS ACCESS CHECK@NORTH.SEVENKINGDOMS.LOCAL", "distinguishedname": "CN=RAS AND IAS SERVERS ACCESS CHECK,CN=SYSTEM,DC=NORTH,DC=SEVENKINGDOMS,DC=LOCAL", "domainsid": "S-1-5-21-3266791229-360309560-1389371857", "highvalue": false, "description": "", "whencreated": 1737397505}, "IsDeleted": false, "IsACLProtected": false, "Aces": [{"RightName": "Owns", "IsInherited": false, "PrincipalSID": "S-1-5-21-3266791229-360309560-1389371857-512", "PrincipalType": "Group"}, {"RightName": "WriteOwner", "IsInherited": false, "PrincipalSID": "S-1-5-21-3266791229-360309560-1389371857-553", "PrincipalType": "Group"}, {"RightName": "WriteDacl", "IsInherited": false, "PrincipalSID": "S-1-5-21-3266791229-360309560-1389371857-553", "PrincipalType": "Group"}, {"RightName": "GenericAll", "IsInherited": true, "PrincipalSID": "S-1-5-21-2220738282-505633919-3984253722-519", "PrincipalType": "Group"}, {"RightName": "WriteOwner", "IsInherited": true, "PrincipalSID": "NORTH.SEVENKINGDOMS.LOCAL-S-1-5-32-544", "PrincipalType": "Group"}, {"RightName": "WriteDacl", "IsInherited": true, "PrincipalSID": "NORTH.SEVENKINGDOMS.LOCAL-S-1-5-32-544", "PrincipalType": "Group"}], "ChildObjects": []},{"ObjectIdentifier": "3B3EFEB7-05EA-4099-ABF3-03FB2C77BB5F", "Properties": {"domain": "NORTH.SEVENKINGDOMS.LOCAL", "name": "POLICIES@NORTH.SEVENKINGDOMS.LOCAL", "distinguishedname": "CN=POLICIES,CN=SYSTEM,DC=NORTH,DC=SEVENKINGDOMS,DC=LOCAL", "domainsid": "S-1-5-21-3266791229-360309560-1389371857", "highvalue": false, "description": "", "whencreated": 1737397505}, "IsDeleted": false, "IsACLProtected": false, "Aces": [{"RightName": "Owns", "IsInherited": false, "PrincipalSID": "S-1-5-21-3266791229-360309560-1389371857-512", "PrincipalType": "Group"}, {"RightName": "WriteOwner", "IsInherited": false, "PrincipalSID": "S-1-5-21-3266791229-360309560-1389371857-512", "PrincipalType": "Group"}, {"RightName": "WriteDacl", "IsInherited": false, "PrincipalSID": "S-1-5-21-3266791229-360309560-1389371857-512", "PrincipalType": "Group"}, {"RightName": "GenericAll", "IsInherited": true, "PrincipalSID": "S-1-5-21-2220738282-505633919-3984253722-519", "PrincipalType": "Group"}, {"RightName": "WriteOwner", "IsInherited": true, "PrincipalSID": "NORTH.SEVENKINGDOMS.LOCAL-S-1-5-32-544", "PrincipalType": "Group"}, {"RightName": "WriteDacl", "IsInherited": true, "PrincipalSID": "NORTH.SEVENKINGDOMS.LOCAL-S-1-5-32-544", "PrincipalType": "Group"}], "ChildObjects": []},{"ObjectIdentifier": "3C417717-0686-4D75-A052-96915A9D8119", "Properties": {"domain": "NORTH.SEVENKINGDOMS.LOCAL", "name": "MEETINGS@NORTH.SEVENKINGDOMS.LOCAL", "distinguishedname": "CN=MEETINGS,CN=SYSTEM,DC=NORTH,DC=SEVENKINGDOMS,DC=LOCAL", "domainsid": "S-1-5-21-3266791229-360309560-1389371857", "highvalue": false, "description": "", "whencreated": 1737397505}, "IsDeleted": false, "IsACLProtected": false, "Aces": [{"RightName": "Owns", "IsInherited": false, "PrincipalSID": "S-1-5-21-3266791229-360309560-1389371857-512", "PrincipalType": "Group"}, {"RightName": "WriteOwner", "IsInherited": false, "PrincipalSID": "S-1-5-21-3266791229-360309560-1389371857-512", "PrincipalType": "Group"}, {"RightName": "WriteDacl", "IsInherited": false, "PrincipalSID": "S-1-5-21-3266791229-360309560-1389371857-512", "PrincipalType": "Group"}, {"RightName": "GenericAll", "IsInherited": true, "PrincipalSID": "S-1-5-21-2220738282-505633919-3984253722-519", "PrincipalType": "Group"}, {"RightName": "WriteOwner", "IsInherited": true, "PrincipalSID": "NORTH.SEVENKINGDOMS.LOCAL-S-1-5-32-544", "PrincipalType": "Group"}, {"RightName": "WriteDacl", "IsInherited": true, "PrincipalSID": "NORTH.SEVENKINGDOMS.LOCAL-S-1-5-32-544", "PrincipalType": "Group"}], "ChildObjects": []},{"ObjectIdentifier": "B38D5801-753E-4622-90DE-1591AD186436", "Properties": {"domain": "NORTH.SEVENKINGDOMS.LOCAL", "name": "MANAGED SERVICE ACCOUNTS@NORTH.SEVENKINGDOMS.LOCAL", "distinguishedname": "CN=MANAGED SERVICE ACCOUNTS,DC=NORTH,DC=SEVENKINGDOMS,DC=LOCAL", "domainsid": "S-1-5-21-3266791229-360309560-1389371857", "highvalue": false, "description": "Default container for managed service accounts", "whencreated": 1737397505}, "IsDeleted": false, "IsACLProtected": false, "Aces": [{"RightName": "Owns", "IsInherited": false, "PrincipalSID": "S-1-5-21-3266791229-360309560-1389371857-512", "PrincipalType": "Group"}, {"RightName": "WriteOwner", "IsInherited": false, "PrincipalSID": "S-1-5-21-3266791229-360309560-1389371857-512", "PrincipalType": "Group"}, {"RightName": "WriteDacl", "IsInherited": false, "PrincipalSID": "S-1-5-21-3266791229-360309560-1389371857-512", "PrincipalType": "Group"}, {"RightName": "GenericAll", "IsInherited": true, "PrincipalSID": "S-1-5-21-2220738282-505633919-3984253722-519", "PrincipalType": "Group"}, {"RightName": "WriteOwner", "IsInherited": true, "PrincipalSID": "NORTH.SEVENKINGDOMS.LOCAL-S-1-5-32-544", "PrincipalType": "Group"}, {"RightName": "WriteDacl", "IsInherited": true, "PrincipalSID": "NORTH.SEVENKINGDOMS.LOCAL-S-1-5-32-544", "PrincipalType": "Group"}], "ChildObjects": []},{"ObjectIdentifier": "CB9CCA0D-F8FE-4F9B-A046-782BC37A1370", "Properties": {"domain": "NORTH.SEVENKINGDOMS.LOCAL", "name": "WINSOCKSERVICES@NORTH.SEVENKINGDOMS.LOCAL", "distinguishedname": "CN=WINSOCKSERVICES,CN=SYSTEM,DC=NORTH,DC=SEVENKINGDOMS,DC=LOCAL", "domainsid": "S-1-5-21-3266791229-360309560-1389371857", "highvalue": false, "description": "", "whencreated": 1737397505}, "IsDeleted": false, "IsACLProtected": false, "Aces": [{"RightName": "Owns", "IsInherited": false, "PrincipalSID": "S-1-5-21-3266791229-360309560-1389371857-512", "PrincipalType": "Group"}, {"RightName": "WriteOwner", "IsInherited": false, "PrincipalSID": "S-1-5-21-3266791229-360309560-1389371857-512", "PrincipalType": "Group"}, {"RightName": "WriteDacl", "IsInherited": false, "PrincipalSID": "S-1-5-21-3266791229-360309560-1389371857-512", "PrincipalType": "Group"}, {"RightName": "GenericAll", "IsInherited": true, "PrincipalSID": "S-1-5-21-2220738282-505633919-3984253722-519", "PrincipalType": "Group"}, {"RightName": "WriteOwner", "IsInherited": true, "PrincipalSID": "NORTH.SEVENKINGDOMS.LOCAL-S-1-5-32-544", "PrincipalType": "Group"}, {"RightName": "WriteDacl", "IsInherited": true, "PrincipalSID": "NORTH.SEVENKINGDOMS.LOCAL-S-1-5-32-544", "PrincipalType": "Group"}], "ChildObjects": []},{"ObjectIdentifier": "F305DE20-4E71-4734-ABD1-31E73613DBD6", "Properties": {"domain": "NORTH.SEVENKINGDOMS.LOCAL", "name": "MICROSOFT@NORTH.SEVENKINGDOMS.LOCAL", "distinguishedname": "CN=MICROSOFT,CN=PROGRAM DATA,DC=NORTH,DC=SEVENKINGDOMS,DC=LOCAL", "domainsid": "S-1-5-21-3266791229-360309560-1389371857", "highvalue": false, "description": "Default location for storage of Microsoft application data.", "whencreated": 1737397505}, "IsDeleted": false, "IsACLProtected": false, "Aces": [{"RightName": "Owns", "IsInherited": false, "PrincipalSID": "S-1-5-21-3266791229-360309560-1389371857-512", "PrincipalType": "Group"}, {"RightName": "GenericAll", "IsInherited": false, "PrincipalSID": "S-1-5-21-3266791229-360309560-1389371857-512", "PrincipalType": "Group"}, {"RightName": "GenericAll", "IsInherited": true, "PrincipalSID": "S-1-5-21-2220738282-505633919-3984253722-519", "PrincipalType": "Group"}, {"RightName": "WriteOwner", "IsInherited": true, "PrincipalSID": "NORTH.SEVENKINGDOMS.LOCAL-S-1-5-32-544", "PrincipalType": "Group"}, {"RightName": "WriteDacl", "IsInherited": true, "PrincipalSID": "NORTH.SEVENKINGDOMS.LOCAL-S-1-5-32-544", "PrincipalType": "Group"}], "ChildObjects": []},{"ObjectIdentifier": "5CC6FDD6-EC35-4639-BA75-5EB761BE26FD", "Properties": {"domain": "NORTH.SEVENKINGDOMS.LOCAL", "name": "PROGRAM DATA@NORTH.SEVENKINGDOMS.LOCAL", "distinguishedname": "CN=PROGRAM DATA,DC=NORTH,DC=SEVENKINGDOMS,DC=LOCAL", "domainsid": "S-1-5-21-3266791229-360309560-1389371857", "highvalue": false, "description": "Default location for storage of application data.", "whencreated": 1737397505}, "IsDeleted": false, "IsACLProtected": false, "Aces": [{"RightName": "Owns", "IsInherited": false, "PrincipalSID": "S-1-5-21-3266791229-360309560-1389371857-512", "PrincipalType": "Group"}, {"RightName": "GenericAll", "IsInherited": false, "PrincipalSID": "S-1-5-21-3266791229-360309560-1389371857-512", "PrincipalType": "Group"}, {"RightName": "GenericAll", "IsInherited": true, "PrincipalSID": "S-1-5-21-2220738282-505633919-3984253722-519", "PrincipalType": "Group"}, {"RightName": "WriteOwner", "IsInherited": true, "PrincipalSID": "NORTH.SEVENKINGDOMS.LOCAL-S-1-5-32-544", "PrincipalType": "Group"}, {"RightName": "WriteDacl", "IsInherited": true, "PrincipalSID": "NORTH.SEVENKINGDOMS.LOCAL-S-1-5-32-544", "PrincipalType": "Group"}], "ChildObjects": []},{"ObjectIdentifier": "B9E44752-1851-4B30-84B3-7002235957AC", "Properties": {"domain": "NORTH.SEVENKINGDOMS.LOCAL", "name": "FOREIGNSECURITYPRINCIPALS@NORTH.SEVENKINGDOMS.LOCAL", "distinguishedname": "CN=FOREIGNSECURITYPRINCIPALS,DC=NORTH,DC=SEVENKINGDOMS,DC=LOCAL", "domainsid": "S-1-5-21-3266791229-360309560-1389371857", "highvalue": false, "description": "Default container for security identifiers (SIDs) associated with objects from external, trusted domains", "whencreated": 1737397505}, "IsDeleted": false, "IsACLProtected": false, "Aces": [{"RightName": "Owns", "IsInherited": false, "PrincipalSID": "S-1-5-21-3266791229-360309560-1389371857-512", "PrincipalType": "Group"}, {"RightName": "GenericAll", "IsInherited": false, "PrincipalSID": "S-1-5-21-3266791229-360309560-1389371857-512", "PrincipalType": "Group"}, {"RightName": "GenericAll", "IsInherited": true, "PrincipalSID": "S-1-5-21-2220738282-505633919-3984253722-519", "PrincipalType": "Group"}, {"RightName": "WriteOwner", "IsInherited": true, "PrincipalSID": "NORTH.SEVENKINGDOMS.LOCAL-S-1-5-32-544", "PrincipalType": "Group"}, {"RightName": "WriteDacl", "IsInherited": true, "PrincipalSID": "NORTH.SEVENKINGDOMS.LOCAL-S-1-5-32-544", "PrincipalType": "Group"}], "ChildObjects": []},{"ObjectIdentifier": "F8B6C77E-229E-44DA-9023-8A0DBA88A70A", "Properties": {"domain": "NORTH.SEVENKINGDOMS.LOCAL", "name": "SYSTEM@NORTH.SEVENKINGDOMS.LOCAL", "distinguishedname": "CN=SYSTEM,DC=NORTH,DC=SEVENKINGDOMS,DC=LOCAL", "domainsid": "S-1-5-21-3266791229-360309560-1389371857", "highvalue": false, "description": "Builtin system settings", "whencreated": 1737397505}, "IsDeleted": false, "IsACLProtected": false, "Aces": [{"RightName": "Owns", "IsInherited": false, "PrincipalSID": "S-1-5-21-3266791229-360309560-1389371857-512", "PrincipalType": "Group"}, {"RightName": "WriteOwner", "IsInherited": false, "PrincipalSID": "S-1-5-21-3266791229-360309560-1389371857-512", "PrincipalType": "Group"}, {"RightName": "WriteDacl", "IsInherited": false, "PrincipalSID": "S-1-5-21-3266791229-360309560-1389371857-512", "PrincipalType": "Group"}, {"RightName": "GenericAll", "IsInherited": true, "PrincipalSID": "S-1-5-21-2220738282-505633919-3984253722-519", "PrincipalType": "Group"}, {"RightName": "WriteOwner", "IsInherited": true, "PrincipalSID": "NORTH.SEVENKINGDOMS.LOCAL-S-1-5-32-544", "PrincipalType": "Group"}, {"RightName": "WriteDacl", "IsInherited": true, "PrincipalSID": "NORTH.SEVENKINGDOMS.LOCAL-S-1-5-32-544", "PrincipalType": "Group"}], "ChildObjects": []},{"ObjectIdentifier": "55E8F1F5-F055-40BE-A408-95A84A00E62D", "Properties": {"domain": "NORTH.SEVENKINGDOMS.LOCAL", "name": "COMPUTERS@NORTH.SEVENKINGDOMS.LOCAL", "distinguishedname": "CN=COMPUTERS,DC=NORTH,DC=SEVENKINGDOMS,DC=LOCAL", "domainsid": "S-1-5-21-3266791229-360309560-1389371857", "highvalue": false, "description": "Default container for upgraded computer accounts", "whencreated": 1737397505}, "IsDeleted": false, "IsACLProtected": false, "Aces": [{"RightName": "Owns", "IsInherited": false, "PrincipalSID": "S-1-5-21-3266791229-360309560-1389371857-512", "PrincipalType": "Group"}, {"RightName": "WriteOwner", "IsInherited": false, "PrincipalSID": "S-1-5-21-3266791229-360309560-1389371857-512", "PrincipalType": "Group"}, {"RightName": "WriteDacl", "IsInherited": false, "PrincipalSID": "S-1-5-21-3266791229-360309560-1389371857-512", "PrincipalType": "Group"}, {"RightName": "GenericAll", "IsInherited": true, "PrincipalSID": "S-1-5-21-2220738282-505633919-3984253722-519", "PrincipalType": "Group"}, {"RightName": "WriteOwner", "IsInherited": true, "PrincipalSID": "NORTH.SEVENKINGDOMS.LOCAL-S-1-5-32-544", "PrincipalType": "Group"}, {"RightName": "WriteDacl", "IsInherited": true, "PrincipalSID": "NORTH.SEVENKINGDOMS.LOCAL-S-1-5-32-544", "PrincipalType": "Group"}], "ChildObjects": [{"ObjectIdentifier": "S-1-5-21-3266791229-360309560-1389371857-1104", "ObjectType": "Computer"}]},{"ObjectIdentifier": "87DB84C5-CDF3-41C7-960D-3F9C601D252A", "Properties": {"domain": "NORTH.SEVENKINGDOMS.LOCAL", "name": "USERS@NORTH.SEVENKINGDOMS.LOCAL", "distinguishedname": "CN=USERS,DC=NORTH,DC=SEVENKINGDOMS,DC=LOCAL", "domainsid": "S-1-5-21-3266791229-360309560-1389371857", "highvalue": false, "description": "Default container for upgraded user accounts", "whencreated": 1737397505}, "IsDeleted": false, "IsACLProtected": false, "Aces": [{"RightName": "Owns", "IsInherited": false, "PrincipalSID": "S-1-5-21-3266791229-360309560-1389371857-512", "PrincipalType": "Group"}, {"RightName": "WriteOwner", "IsInherited": false, "PrincipalSID": "S-1-5-21-3266791229-360309560-1389371857-512", "PrincipalType": "Group"}, {"RightName": "WriteDacl", "IsInherited": false, "PrincipalSID": "S-1-5-21-3266791229-360309560-1389371857-512", "PrincipalType": "Group"}, {"RightName": "GenericAll", "IsInherited": true, "PrincipalSID": "S-1-5-21-2220738282-505633919-3984253722-519", "PrincipalType": "Group"}, {"RightName": "WriteOwner", "IsInherited": true, "PrincipalSID": "NORTH.SEVENKINGDOMS.LOCAL-S-1-5-32-544", "PrincipalType": "Group"}, {"RightName": "WriteDacl", "IsInherited": true, "PrincipalSID": "NORTH.SEVENKINGDOMS.LOCAL-S-1-5-32-544", "PrincipalType": "Group"}], "ChildObjects": [{"ObjectIdentifier": "S-1-5-21-3266791229-360309560-1389371857-1000", "ObjectType": "User"}, {"ObjectIdentifier": "S-1-5-21-3266791229-360309560-1389371857-1106", "ObjectType": "Group"}, {"ObjectIdentifier": "S-1-5-21-3266791229-360309560-1389371857-1121", "ObjectType": "User"}, {"ObjectIdentifier": "S-1-5-21-3266791229-360309560-1389371857-1105", "ObjectType": "trustaccount"}, {"ObjectIdentifier": "S-1-5-21-3266791229-360309560-1389371857-1114", "ObjectType": "User"}, {"ObjectIdentifier": "S-1-5-21-3266791229-360309560-1389371857-1119", "ObjectType": "User"}, {"ObjectIdentifier": "S-1-5-21-3266791229-360309560-1389371857-1113", "ObjectType": "User"}, {"ObjectIdentifier": "S-1-5-21-3266791229-360309560-1389371857-1116", "ObjectType": "User"}, {"ObjectIdentifier": "S-1-5-21-3266791229-360309560-1389371857-521", "ObjectType": "Group"}, {"ObjectIdentifier": "S-1-5-21-3266791229-360309560-1389371857-553", "ObjectType": "Group"}, {"ObjectIdentifier": "S-1-5-21-3266791229-360309560-1389371857-525", "ObjectType": "Group"}, {"ObjectIdentifier": "S-1-5-21-3266791229-360309560-1389371857-1107", "ObjectType": "Group"}, {"ObjectIdentifier": "S-1-5-21-3266791229-360309560-1389371857-1108", "ObjectType": "Group"}, {"ObjectIdentifier": "S-1-5-21-3266791229-360309560-1389371857-502", "ObjectType": "User"}, {"ObjectIdentifier": "S-1-5-21-3266791229-360309560-1389371857-526", "ObjectType": "Group"}, {"ObjectIdentifier": "S-1-5-21-3266791229-360309560-1389371857-1118", "ObjectType": "User"}, {"ObjectIdentifier": "S-1-5-21-3266791229-360309560-1389371857-1120", "ObjectType": "User"}, {"ObjectIdentifier": "S-1-5-21-3266791229-360309560-1389371857-1117", "ObjectType": "User"}, {"ObjectIdentifier": "S-1-5-21-3266791229-360309560-1389371857-501", "ObjectType": "User"}, {"ObjectIdentifier": "S-1-5-21-3266791229-360309560-1389371857-520", "ObjectType": "Group"}, {"ObjectIdentifier": "S-1-5-21-3266791229-360309560-1389371857-1111", "ObjectType": "User"}, {"ObjectIdentifier": "S-1-5-21-3266791229-360309560-1389371857-513", "ObjectType": "Group"}, {"ObjectIdentifier": "S-1-5-21-3266791229-360309560-1389371857-514", "ObjectType": "Group"}, {"ObjectIdentifier": "S-1-5-21-3266791229-360309560-1389371857-516", "ObjectType": "Group"}, {"ObjectIdentifier": "S-1-5-21-3266791229-360309560-1389371857-515", "ObjectType": "Group"}, {"ObjectIdentifier": "S-1-5-21-3266791229-360309560-1389371857-512", "ObjectType": "Group"}, {"ObjectIdentifier": "S-1-5-21-3266791229-360309560-1389371857-1103", "ObjectType": "Group"}, {"ObjectIdentifier": "S-1-5-21-3266791229-360309560-1389371857-1102", "ObjectType": "Group"}, {"ObjectIdentifier": "S-1-5-21-3266791229-360309560-1389371857-572", "ObjectType": "Group"}, {"ObjectIdentifier": "S-1-5-21-3266791229-360309560-1389371857-522", "ObjectType": "Group"}, {"ObjectIdentifier": "S-1-5-21-3266791229-360309560-1389371857-517", "ObjectType": "Group"}, {"ObjectIdentifier": "S-1-5-21-3266791229-360309560-1389371857-1112", "ObjectType": "User"}, {"ObjectIdentifier": "S-1-5-21-3266791229-360309560-1389371857-1115", "ObjectType": "User"}, {"ObjectIdentifier": "S-1-5-21-3266791229-360309560-1389371857-1110", "ObjectType": "User"}, {"ObjectIdentifier": "S-1-5-21-3266791229-360309560-1389371857-571", "ObjectType": "Group"}, {"ObjectIdentifier": "S-1-5-21-3266791229-360309560-1389371857-500", "ObjectType": "User"}, {"ObjectIdentifier": "S-1-5-21-3266791229-360309560-1389371857-1109", "ObjectType": "Group"}]}],"meta":{"methods":0,"type":"containers","count":19, "version":5}}