{"data":[{"ObjectIdentifier": "8DBA134F-A8FF-45DD-A8A0-E8D9EA9974C5", "Properties": {"domain": "NORTH.SEVENKINGDOMS.LOCAL", "name": "ENABLE SMB SIGNING@NORTH.SEVENKINGDOMS.LOCAL", "distinguishedname": "CN={A62549D8-9E57-4ED8-B9C0-F513637BEFAD},CN=POLICIES,CN=SYSTEM,DC=NORTH,DC=SEVENKINGDOMS,DC=LOCAL", "domainsid": "S-1-5-21-3266791229-360309560-1389371857", "highvalue": false, "gpcpath": "\\\\NORTH.SEVENKINGDOMS.LOCAL\\SYSVOL\\NORTH.SEVENKINGDOMS.LOCAL\\POLICIES\\{A62549D8-9E57-4ED8-B9C0-F513637BEFAD}", "description": "", "whencreated": 1744360266}, "IsDeleted": false, "IsACLProtected": true, "Aces": [{"RightName": "Owns", "IsInherited": false, "PrincipalSID": "S-1-5-21-3266791229-360309560-1389371857-1000", "PrincipalType": "User"}, {"RightName": "GenericWrite", "IsInherited": false, "PrincipalSID": "S-1-5-21-3266791229-360309560-1389371857-1000", "PrincipalType": "User"}, {"RightName": "WriteOwner", "IsInherited": false, "PrincipalSID": "S-1-5-21-3266791229-360309560-1389371857-1000", "PrincipalType": "User"}, {"RightName": "WriteDacl", "IsInherited": false, "PrincipalSID": "S-1-5-21-3266791229-360309560-1389371857-1000", "PrincipalType": "User"}, {"RightName": "GenericWrite", "IsInherited": false, "PrincipalSID": "S-1-5-21-3266791229-360309560-1389371857-512", "PrincipalType": "Group"}, {"RightName": "WriteOwner", "IsInherited": false, "PrincipalSID": "S-1-5-21-3266791229-360309560-1389371857-512", "PrincipalType": "Group"}, {"RightName": "WriteDacl", "IsInherited": false, "PrincipalSID": "S-1-5-21-3266791229-360309560-1389371857-512", "PrincipalType": "Group"}, {"RightName": "GenericWrite", "IsInherited": false, "PrincipalSID": "S-1-5-21-2220738282-505633919-3984253722-519", "PrincipalType": "Group"}, {"RightName": "WriteOwner", "IsInherited": false, "PrincipalSID": "S-1-5-21-2220738282-505633919-3984253722-519", "PrincipalType": "Group"}, {"RightName": "WriteDacl", "IsInherited": false, "PrincipalSID": "S-1-5-21-2220738282-505633919-3984253722-519", "PrincipalType": "Group"}]},{"ObjectIdentifier": "249B6363-2A5B-4759-9900-2A0ADCCCB2E6", "Properties": {"domain": "NORTH.SEVENKINGDOMS.LOCAL", "name": "GENERIC WALLPAPER@NORTH.SEVENKINGDOMS.LOCAL", "distinguishedname": "CN={98FBDD11-FA06-4F54-9119-B56DB4C52B81},CN=POLICIES,CN=SYSTEM,DC=NORTH,DC=SEVENKINGDOMS,DC=LOCAL", "domainsid": "S-1-5-21-3266791229-360309560-1389371857", "highvalue": false, "gpcpath": "\\\\NORTH.SEVENKINGDOMS.LOCAL\\SYSVOL\\NORTH.SEVENKINGDOMS.LOCAL\\POLICIES\\{98FBDD11-FA06-4F54-9119-B56DB4C52B81}", "description": "", "whencreated": 1744359410}, "IsDeleted": false, "IsACLProtected": true, "Aces": [{"RightName": "Owns", "IsInherited": false, "PrincipalSID": "S-1-5-21-3266791229-360309560-1389371857-1000", "PrincipalType": "User"}, {"RightName": "GenericWrite", "IsInherited": false, "PrincipalSID": "S-1-5-21-3266791229-360309560-1389371857-1000", "PrincipalType": "User"}, {"RightName": "WriteOwner", "IsInherited": false, "PrincipalSID": "S-1-5-21-3266791229-360309560-1389371857-1000", "PrincipalType": "User"}, {"RightName": "WriteDacl", "IsInherited": false, "PrincipalSID": "S-1-5-21-3266791229-360309560-1389371857-1000", "PrincipalType": "User"}, {"RightName": "GenericWrite", "IsInherited": false, "PrincipalSID": "S-1-5-21-3266791229-360309560-1389371857-512", "PrincipalType": "Group"}, {"RightName": "WriteOwner", "IsInherited": false, "PrincipalSID": "S-1-5-21-3266791229-360309560-1389371857-512", "PrincipalType": "Group"}, {"RightName": "WriteDacl", "IsInherited": false, "PrincipalSID": "S-1-5-21-3266791229-360309560-1389371857-512", "PrincipalType": "Group"}, {"RightName": "GenericWrite", "IsInherited": false, "PrincipalSID": "S-1-5-21-2220738282-505633919-3984253722-519", "PrincipalType": "Group"}, {"RightName": "WriteOwner", "IsInherited": false, "PrincipalSID": "S-1-5-21-2220738282-505633919-3984253722-519", "PrincipalType": "Group"}, {"RightName": "WriteDacl", "IsInherited": false, "PrincipalSID": "S-1-5-21-2220738282-505633919-3984253722-519", "PrincipalType": "Group"}]},{"ObjectIdentifier": "008D683C-1018-4C44-94B0-E6D5F90A48E8", "Properties": {"domain": "NORTH.SEVENKINGDOMS.LOCAL", "name": "PARIS WALLPAPER@NORTH.SEVENKINGDOMS.LOCAL", "distinguishedname": "CN={47D7A63A-7ACA-484D-A3EB-FF5A3B5D6EB8},CN=POLICIES,CN=SYSTEM,DC=NORTH,DC=SEVENKINGDOMS,DC=LOCAL", "domainsid": "S-1-5-21-3266791229-360309560-1389371857", "highvalue": false, "gpcpath": "\\\\NORTH.SEVENKINGDOMS.LOCAL\\SYSVOL\\NORTH.SEVENKINGDOMS.LOCAL\\POLICIES\\{47D7A63A-7ACA-484D-A3EB-FF5A3B5D6EB8}", "description": "", "whencreated": 1744359433}, "IsDeleted": false, "IsACLProtected": true, "Aces": [{"RightName": "Owns", "IsInherited": false, "PrincipalSID": "S-1-5-21-3266791229-360309560-1389371857-1000", "PrincipalType": "User"}, {"RightName": "GenericWrite", "IsInherited": false, "PrincipalSID": "S-1-5-21-3266791229-360309560-1389371857-1000", "PrincipalType": "User"}, {"RightName": "WriteOwner", "IsInherited": false, "PrincipalSID": "S-1-5-21-3266791229-360309560-1389371857-1000", "PrincipalType": "User"}, {"RightName": "WriteDacl", "IsInherited": false, "PrincipalSID": "S-1-5-21-3266791229-360309560-1389371857-1000", "PrincipalType": "User"}, {"RightName": "GenericWrite", "IsInherited": false, "PrincipalSID": "S-1-5-21-3266791229-360309560-1389371857-512", "PrincipalType": "Group"}, {"RightName": "WriteOwner", "IsInherited": false, "PrincipalSID": "S-1-5-21-3266791229-360309560-1389371857-512", "PrincipalType": "Group"}, {"RightName": "WriteDacl", "IsInherited": false, "PrincipalSID": "S-1-5-21-3266791229-360309560-1389371857-512", "PrincipalType": "Group"}, {"RightName": "GenericWrite", "IsInherited": false, "PrincipalSID": "S-1-5-21-2220738282-505633919-3984253722-519", "PrincipalType": "Group"}, {"RightName": "WriteOwner", "IsInherited": false, "PrincipalSID": "S-1-5-21-2220738282-505633919-3984253722-519", "PrincipalType": "Group"}, {"RightName": "WriteDacl", "IsInherited": false, "PrincipalSID": "S-1-5-21-2220738282-505633919-3984253722-519", "PrincipalType": "Group"}]},{"ObjectIdentifier": "460F4CE9-FE63-4419-A206-92C3BDDA861B", "Properties": {"domain": "NORTH.SEVENKINGDOMS.LOCAL", "name": "SCRIPTS@NORTH.SEVENKINGDOMS.LOCAL", "distinguishedname": "CN={D6A342D8-0BB9-4F8C-8579-93DE5A07CFC0},CN=POLICIES,CN=SYSTEM,DC=NORTH,DC=SEVENKINGDOMS,DC=LOCAL", "domainsid": "S-1-5-21-3266791229-360309560-1389371857", "highvalue": false, "gpcpath": "\\\\NORTH.SEVENKINGDOMS.LOCAL\\SYSVOL\\NORTH.SEVENKINGDOMS.LOCAL\\POLICIES\\{D6A342D8-0BB9-4F8C-8579-93DE5A07CFC0}", "description": "", "whencreated": 1744309128}, "IsDeleted": false, "IsACLProtected": true, "Aces": [{"RightName": "Owns", "IsInherited": false, "PrincipalSID": "S-1-5-21-3266791229-360309560-1389371857-1000", "PrincipalType": "User"}, {"RightName": "GenericWrite", "IsInherited": false, "PrincipalSID": "S-1-5-21-3266791229-360309560-1389371857-1000", "PrincipalType": "User"}, {"RightName": "WriteOwner", "IsInherited": false, "PrincipalSID": "S-1-5-21-3266791229-360309560-1389371857-1000", "PrincipalType": "User"}, {"RightName": "WriteDacl", "IsInherited": false, "PrincipalSID": "S-1-5-21-3266791229-360309560-1389371857-1000", "PrincipalType": "User"}, {"RightName": "GenericWrite", "IsInherited": false, "PrincipalSID": "S-1-5-21-3266791229-360309560-1389371857-512", "PrincipalType": "Group"}, {"RightName": "WriteOwner", "IsInherited": false, "PrincipalSID": "S-1-5-21-3266791229-360309560-1389371857-512", "PrincipalType": "Group"}, {"RightName": "WriteDacl", "IsInherited": false, "PrincipalSID": "S-1-5-21-3266791229-360309560-1389371857-512", "PrincipalType": "Group"}, {"RightName": "GenericWrite", "IsInherited": false, "PrincipalSID": "S-1-5-21-2220738282-505633919-3984253722-519", "PrincipalType": "Group"}, {"RightName": "WriteOwner", "IsInherited": false, "PrincipalSID": "S-1-5-21-2220738282-505633919-3984253722-519", "PrincipalType": "Group"}, {"RightName": "WriteDacl", "IsInherited": false, "PrincipalSID": "S-1-5-21-2220738282-505633919-3984253722-519", "PrincipalType": "Group"}]},{"ObjectIdentifier": "1A555474-9665-42A8-876C-9E2F175EC984", "Properties": {"domain": "NORTH.SEVENKINGDOMS.LOCAL", "name": "RDP USERS ARE ADMIN OF THERE MACHINE@NORTH.SEVENKINGDOMS.LOCAL", "distinguishedname": "CN={FBA8ADDE-55DA-448C-87ED-FBFB185E3A8C},CN=POLICIES,CN=SYSTEM,DC=NORTH,DC=SEVENKINGDOMS,DC=LOCAL", "domainsid": "S-1-5-21-3266791229-360309560-1389371857", "highvalue": false, "gpcpath": "\\\\NORTH.SEVENKINGDOMS.LOCAL\\SYSVOL\\NORTH.SEVENKINGDOMS.LOCAL\\POLICIES\\{FBA8ADDE-55DA-448C-87ED-FBFB185E3A8C}", "description": "", "whencreated": 1744309315}, "IsDeleted": false, "IsACLProtected": true, "Aces": [{"RightName": "Owns", "IsInherited": false, "PrincipalSID": "S-1-5-21-3266791229-360309560-1389371857-1000", "PrincipalType": "User"}, {"RightName": "GenericWrite", "IsInherited": false, "PrincipalSID": "S-1-5-21-3266791229-360309560-1389371857-1000", "PrincipalType": "User"}, {"RightName": "WriteOwner", "IsInherited": false, "PrincipalSID": "S-1-5-21-3266791229-360309560-1389371857-1000", "PrincipalType": "User"}, {"RightName": "WriteDacl", "IsInherited": false, "PrincipalSID": "S-1-5-21-3266791229-360309560-1389371857-1000", "PrincipalType": "User"}, {"RightName": "GenericWrite", "IsInherited": false, "PrincipalSID": "S-1-5-21-3266791229-360309560-1389371857-512", "PrincipalType": "Group"}, {"RightName": "WriteOwner", "IsInherited": false, "PrincipalSID": "S-1-5-21-3266791229-360309560-1389371857-512", "PrincipalType": "Group"}, {"RightName": "WriteDacl", "IsInherited": false, "PrincipalSID": "S-1-5-21-3266791229-360309560-1389371857-512", "PrincipalType": "Group"}, {"RightName": "GenericWrite", "IsInherited": false, "PrincipalSID": "S-1-5-21-2220738282-505633919-3984253722-519", "PrincipalType": "Group"}, {"RightName": "WriteOwner", "IsInherited": false, "PrincipalSID": "S-1-5-21-2220738282-505633919-3984253722-519", "PrincipalType": "Group"}, {"RightName": "WriteDacl", "IsInherited": false, "PrincipalSID": "S-1-5-21-2220738282-505633919-3984253722-519", "PrincipalType": "Group"}]},{"ObjectIdentifier": "858CC239-BBD5-4CFF-A4E9-642F4AA2D174", "Properties": {"domain": "NORTH.SEVENKINGDOMS.LOCAL", "name": "ADD SUPPORT FOR NTLMV1@NORTH.SEVENKINGDOMS.LOCAL", "distinguishedname": "CN={57C13291-8AC5-41C8-A934-258CBD70A7B5},CN=POLICIES,CN=SYSTEM,DC=NORTH,DC=SEVENKINGDOMS,DC=LOCAL", "domainsid": "S-1-5-21-3266791229-360309560-1389371857", "highvalue": false, "gpcpath": "\\\\NORTH.SEVENKINGDOMS.LOCAL\\SYSVOL\\NORTH.SEVENKINGDOMS.LOCAL\\POLICIES\\{57C13291-8AC5-41C8-A934-258CBD70A7B5}", "description": "", "whencreated": 1744301414}, "IsDeleted": false, "IsACLProtected": true, "Aces": [{"RightName": "Owns", "IsInherited": false, "PrincipalSID": "S-1-5-21-3266791229-360309560-1389371857-1000", "PrincipalType": "User"}, {"RightName": "GenericWrite", "IsInherited": false, "PrincipalSID": "S-1-5-21-3266791229-360309560-1389371857-1000", "PrincipalType": "User"}, {"RightName": "WriteOwner", "IsInherited": false, "PrincipalSID": "S-1-5-21-3266791229-360309560-1389371857-1000", "PrincipalType": "User"}, {"RightName": "WriteDacl", "IsInherited": false, "PrincipalSID": "S-1-5-21-3266791229-360309560-1389371857-1000", "PrincipalType": "User"}, {"RightName": "GenericWrite", "IsInherited": false, "PrincipalSID": "S-1-5-21-3266791229-360309560-1389371857-512", "PrincipalType": "Group"}, {"RightName": "WriteOwner", "IsInherited": false, "PrincipalSID": "S-1-5-21-3266791229-360309560-1389371857-512", "PrincipalType": "Group"}, {"RightName": "WriteDacl", "IsInherited": false, "PrincipalSID": "S-1-5-21-3266791229-360309560-1389371857-512", "PrincipalType": "Group"}, {"RightName": "GenericWrite", "IsInherited": false, "PrincipalSID": "S-1-5-21-2220738282-505633919-3984253722-519", "PrincipalType": "Group"}, {"RightName": "WriteOwner", "IsInherited": false, "PrincipalSID": "S-1-5-21-2220738282-505633919-3984253722-519", "PrincipalType": "Group"}, {"RightName": "WriteDacl", "IsInherited": false, "PrincipalSID": "S-1-5-21-2220738282-505633919-3984253722-519", "PrincipalType": "Group"}]},{"ObjectIdentifier": "7C7C6134-0BA0-48F6-8F46-1BD73DFAB8B8", "Properties": {"domain": "NORTH.SEVENKINGDOMS.LOCAL", "name": "CREATE LOCAL USER@NORTH.SEVENKINGDOMS.LOCAL", "distinguishedname": "CN={D083FBC6-8E4E-499F-A183-DCBB27C52A70},CN=POLICIES,CN=SYSTEM,DC=NORTH,DC=SEVENKINGDOMS,DC=LOCAL", "domainsid": "S-1-5-21-3266791229-360309560-1389371857", "highvalue": false, "gpcpath": "\\\\NORTH.SEVENKINGDOMS.LOCAL\\SYSVOL\\NORTH.SEVENKINGDOMS.LOCAL\\POLICIES\\{D083FBC6-8E4E-499F-A183-DCBB27C52A70}", "description": "", "whencreated": 1744301231}, "IsDeleted": false, "IsACLProtected": true, "Aces": [{"RightName": "Owns", "IsInherited": false, "PrincipalSID": "S-1-5-21-3266791229-360309560-1389371857-1000", "PrincipalType": "User"}, {"RightName": "GenericWrite", "IsInherited": false, "PrincipalSID": "S-1-5-21-3266791229-360309560-1389371857-1000", "PrincipalType": "User"}, {"RightName": "WriteOwner", "IsInherited": false, "PrincipalSID": "S-1-5-21-3266791229-360309560-1389371857-1000", "PrincipalType": "User"}, {"RightName": "WriteDacl", "IsInherited": false, "PrincipalSID": "S-1-5-21-3266791229-360309560-1389371857-1000", "PrincipalType": "User"}, {"RightName": "GenericWrite", "IsInherited": false, "PrincipalSID": "S-1-5-21-3266791229-360309560-1389371857-512", "PrincipalType": "Group"}, {"RightName": "WriteOwner", "IsInherited": false, "PrincipalSID": "S-1-5-21-3266791229-360309560-1389371857-512", "PrincipalType": "Group"}, {"RightName": "WriteDacl", "IsInherited": false, "PrincipalSID": "S-1-5-21-3266791229-360309560-1389371857-512", "PrincipalType": "Group"}, {"RightName": "GenericWrite", "IsInherited": false, "PrincipalSID": "S-1-5-21-2220738282-505633919-3984253722-519", "PrincipalType": "Group"}, {"RightName": "WriteOwner", "IsInherited": false, "PrincipalSID": "S-1-5-21-2220738282-505633919-3984253722-519", "PrincipalType": "Group"}, {"RightName": "WriteDacl", "IsInherited": false, "PrincipalSID": "S-1-5-21-2220738282-505633919-3984253722-519", "PrincipalType": "Group"}]},{"ObjectIdentifier": "2B318418-4EFE-4E07-BBB1-C2DCCEF026BE", "Properties": {"domain": "NORTH.SEVENKINGDOMS.LOCAL", "name": "ANONYMOUS SETTING@NORTH.SEVENKINGDOMS.LOCAL", "distinguishedname": "CN={0A85301F-7CE4-4391-8354-BA1AEAD44FFC},CN=POLICIES,CN=SYSTEM,DC=NORTH,DC=SEVENKINGDOMS,DC=LOCAL", "domainsid": "S-1-5-21-3266791229-360309560-1389371857", "highvalue": false, "gpcpath": "\\\\NORTH.SEVENKINGDOMS.LOCAL\\SYSVOL\\NORTH.SEVENKINGDOMS.LOCAL\\POLICIES\\{0A85301F-7CE4-4391-8354-BA1AEAD44FFC}", "description": "", "whencreated": 1744301474}, "IsDeleted": false, "IsACLProtected": true, "Aces": [{"RightName": "Owns", "IsInherited": false, "PrincipalSID": "S-1-5-21-3266791229-360309560-1389371857-1000", "PrincipalType": "User"}, {"RightName": "GenericWrite", "IsInherited": false, "PrincipalSID": "S-1-5-21-3266791229-360309560-1389371857-1000", "PrincipalType": "User"}, {"RightName": "WriteOwner", "IsInherited": false, "PrincipalSID": "S-1-5-21-3266791229-360309560-1389371857-1000", "PrincipalType": "User"}, {"RightName": "WriteDacl", "IsInherited": false, "PrincipalSID": "S-1-5-21-3266791229-360309560-1389371857-1000", "PrincipalType": "User"}, {"RightName": "GenericWrite", "IsInherited": false, "PrincipalSID": "S-1-5-21-3266791229-360309560-1389371857-512", "PrincipalType": "Group"}, {"RightName": "WriteOwner", "IsInherited": false, "PrincipalSID": "S-1-5-21-3266791229-360309560-1389371857-512", "PrincipalType": "Group"}, {"RightName": "WriteDacl", "IsInherited": false, "PrincipalSID": "S-1-5-21-3266791229-360309560-1389371857-512", "PrincipalType": "Group"}, {"RightName": "GenericWrite", "IsInherited": false, "PrincipalSID": "S-1-5-21-2220738282-505633919-3984253722-519", "PrincipalType": "Group"}, {"RightName": "WriteOwner", "IsInherited": false, "PrincipalSID": "S-1-5-21-2220738282-505633919-3984253722-519", "PrincipalType": "Group"}, {"RightName": "WriteDacl", "IsInherited": false, "PrincipalSID": "S-1-5-21-2220738282-505633919-3984253722-519", "PrincipalType": "Group"}]},{"ObjectIdentifier": "2272A338-A1B9-43E4-88D1-69AC7F073133", "Properties": {"domain": "NORTH.SEVENKINGDOMS.LOCAL", "name": "DISABLE SMB SIGNING@NORTH.SEVENKINGDOMS.LOCAL", "distinguishedname": "CN={A98BEB12-AE4E-41C5-8F81-C9E318EB5338},CN=POLICIES,CN=SYSTEM,DC=NORTH,DC=SEVENKINGDOMS,DC=LOCAL", "domainsid": "S-1-5-21-3266791229-360309560-1389371857", "highvalue": false, "gpcpath": "\\\\NORTH.SEVENKINGDOMS.LOCAL\\SYSVOL\\NORTH.SEVENKINGDOMS.LOCAL\\POLICIES\\{A98BEB12-AE4E-41C5-8F81-C9E318EB5338}", "description": "", "whencreated": 1744298910}, "IsDeleted": false, "IsACLProtected": true, "Aces": [{"RightName": "Owns", "IsInherited": false, "PrincipalSID": "S-1-5-21-3266791229-360309560-1389371857-1000", "PrincipalType": "User"}, {"RightName": "GenericWrite", "IsInherited": false, "PrincipalSID": "S-1-5-21-3266791229-360309560-1389371857-1000", "PrincipalType": "User"}, {"RightName": "WriteOwner", "IsInherited": false, "PrincipalSID": "S-1-5-21-3266791229-360309560-1389371857-1000", "PrincipalType": "User"}, {"RightName": "WriteDacl", "IsInherited": false, "PrincipalSID": "S-1-5-21-3266791229-360309560-1389371857-1000", "PrincipalType": "User"}, {"RightName": "GenericWrite", "IsInherited": false, "PrincipalSID": "S-1-5-21-3266791229-360309560-1389371857-512", "PrincipalType": "Group"}, {"RightName": "WriteOwner", "IsInherited": false, "PrincipalSID": "S-1-5-21-3266791229-360309560-1389371857-512", "PrincipalType": "Group"}, {"RightName": "WriteDacl", "IsInherited": false, "PrincipalSID": "S-1-5-21-3266791229-360309560-1389371857-512", "PrincipalType": "Group"}, {"RightName": "GenericWrite", "IsInherited": false, "PrincipalSID": "S-1-5-21-2220738282-505633919-3984253722-519", "PrincipalType": "Group"}, {"RightName": "WriteOwner", "IsInherited": false, "PrincipalSID": "S-1-5-21-2220738282-505633919-3984253722-519", "PrincipalType": "Group"}, {"RightName": "WriteDacl", "IsInherited": false, "PrincipalSID": "S-1-5-21-2220738282-505633919-3984253722-519", "PrincipalType": "Group"}]},{"ObjectIdentifier": "A373BECF-BF0C-42F2-9EC2-9866F4C9F968", "Properties": {"domain": "NORTH.SEVENKINGDOMS.LOCAL", "name": "VNC CONFIGURATION@NORTH.SEVENKINGDOMS.LOCAL", "distinguishedname": "CN={CCF6CAE3-E280-4109-8F9D-25461DBB5D67},CN=POLICIES,CN=SYSTEM,DC=NORTH,DC=SEVENKINGDOMS,DC=LOCAL", "domainsid": "S-1-5-21-3266791229-360309560-1389371857", "highvalue": false, "gpcpath": "\\\\NORTH.SEVENKINGDOMS.LOCAL\\SYSVOL\\NORTH.SEVENKINGDOMS.LOCAL\\POLICIES\\{CCF6CAE3-E280-4109-8F9D-25461DBB5D67}", "description": "", "whencreated": 1744298877}, "IsDeleted": false, "IsACLProtected": true, "Aces": [{"RightName": "Owns", "IsInherited": false, "PrincipalSID": "S-1-5-21-3266791229-360309560-1389371857-1000", "PrincipalType": "User"}, {"RightName": "GenericWrite", "IsInherited": false, "PrincipalSID": "S-1-5-21-3266791229-360309560-1389371857-1000", "PrincipalType": "User"}, {"RightName": "WriteOwner", "IsInherited": false, "PrincipalSID": "S-1-5-21-3266791229-360309560-1389371857-1000", "PrincipalType": "User"}, {"RightName": "WriteDacl", "IsInherited": false, "PrincipalSID": "S-1-5-21-3266791229-360309560-1389371857-1000", "PrincipalType": "User"}, {"RightName": "GenericWrite", "IsInherited": false, "PrincipalSID": "S-1-5-21-3266791229-360309560-1389371857-512", "PrincipalType": "Group"}, {"RightName": "WriteOwner", "IsInherited": false, "PrincipalSID": "S-1-5-21-3266791229-360309560-1389371857-512", "PrincipalType": "Group"}, {"RightName": "WriteDacl", "IsInherited": false, "PrincipalSID": "S-1-5-21-3266791229-360309560-1389371857-512", "PrincipalType": "Group"}, {"RightName": "GenericWrite", "IsInherited": false, "PrincipalSID": "S-1-5-21-2220738282-505633919-3984253722-519", "PrincipalType": "Group"}, {"RightName": "WriteOwner", "IsInherited": false, "PrincipalSID": "S-1-5-21-2220738282-505633919-3984253722-519", "PrincipalType": "Group"}, {"RightName": "WriteDacl", "IsInherited": false, "PrincipalSID": "S-1-5-21-2220738282-505633919-3984253722-519", "PrincipalType": "Group"}]},{"ObjectIdentifier": "F21645CC-E2A1-4934-9964-B6E7AF34D960", "Properties": {"domain": "NORTH.SEVENKINGDOMS.LOCAL", "name": "USER RIGHTS ASSIGNMENT@NORTH.SEVENKINGDOMS.LOCAL", "distinguishedname": "CN={B9D151CC-2846-4695-BB75-B9A5B0534C19},CN=POLICIES,CN=SYSTEM,DC=NORTH,DC=SEVENKINGDOMS,DC=LOCAL", "domainsid": "S-1-5-21-3266791229-360309560-1389371857", "highvalue": false, "gpcpath": "\\\\NORTH.SEVENKINGDOMS.LOCAL\\SYSVOL\\NORTH.SEVENKINGDOMS.LOCAL\\POLICIES\\{B9D151CC-2846-4695-BB75-B9A5B0534C19}", "description": "", "whencreated": 1744298828}, "IsDeleted": false, "IsACLProtected": true, "Aces": [{"RightName": "Owns", "IsInherited": false, "PrincipalSID": "S-1-5-21-3266791229-360309560-1389371857-1000", "PrincipalType": "User"}, {"RightName": "GenericWrite", "IsInherited": false, "PrincipalSID": "S-1-5-21-3266791229-360309560-1389371857-1000", "PrincipalType": "User"}, {"RightName": "WriteOwner", "IsInherited": false, "PrincipalSID": "S-1-5-21-3266791229-360309560-1389371857-1000", "PrincipalType": "User"}, {"RightName": "WriteDacl", "IsInherited": false, "PrincipalSID": "S-1-5-21-3266791229-360309560-1389371857-1000", "PrincipalType": "User"}, {"RightName": "GenericWrite", "IsInherited": false, "PrincipalSID": "S-1-5-21-3266791229-360309560-1389371857-512", "PrincipalType": "Group"}, {"RightName": "WriteOwner", "IsInherited": false, "PrincipalSID": "S-1-5-21-3266791229-360309560-1389371857-512", "PrincipalType": "Group"}, {"RightName": "WriteDacl", "IsInherited": false, "PrincipalSID": "S-1-5-21-3266791229-360309560-1389371857-512", "PrincipalType": "Group"}, {"RightName": "GenericWrite", "IsInherited": false, "PrincipalSID": "S-1-5-21-2220738282-505633919-3984253722-519", "PrincipalType": "Group"}, {"RightName": "WriteOwner", "IsInherited": false, "PrincipalSID": "S-1-5-21-2220738282-505633919-3984253722-519", "PrincipalType": "Group"}, {"RightName": "WriteDacl", "IsInherited": false, "PrincipalSID": "S-1-5-21-2220738282-505633919-3984253722-519", "PrincipalType": "Group"}]},{"ObjectIdentifier": "A79AD3B8-90FB-4120-B277-3263F94AD4CE", "Properties": {"domain": "NORTH.SEVENKINGDOMS.LOCAL", "name": "SERVER LOCAL ADMINISTRATORS@NORTH.SEVENKINGDOMS.LOCAL", "distinguishedname": "CN={21246D99-1426-495B-9E8E-556ABDD81F94},CN=POLICIES,CN=SYSTEM,DC=NORTH,DC=SEVENKINGDOMS,DC=LOCAL", "domainsid": "S-1-5-21-3266791229-360309560-1389371857", "highvalue": false, "gpcpath": "\\\\NORTH.SEVENKINGDOMS.LOCAL\\SYSVOL\\NORTH.SEVENKINGDOMS.LOCAL\\POLICIES\\{21246D99-1426-495B-9E8E-556ABDD81F94}", "description": "", "whencreated": 1744298331}, "IsDeleted": false, "IsACLProtected": true, "Aces": [{"RightName": "Owns", "IsInherited": false, "PrincipalSID": "S-1-5-21-3266791229-360309560-1389371857-1000", "PrincipalType": "User"}, {"RightName": "GenericWrite", "IsInherited": false, "PrincipalSID": "S-1-5-21-3266791229-360309560-1389371857-1000", "PrincipalType": "User"}, {"RightName": "WriteOwner", "IsInherited": false, "PrincipalSID": "S-1-5-21-3266791229-360309560-1389371857-1000", "PrincipalType": "User"}, {"RightName": "WriteDacl", "IsInherited": false, "PrincipalSID": "S-1-5-21-3266791229-360309560-1389371857-1000", "PrincipalType": "User"}, {"RightName": "GenericWrite", "IsInherited": false, "PrincipalSID": "S-1-5-21-3266791229-360309560-1389371857-512", "PrincipalType": "Group"}, {"RightName": "WriteOwner", "IsInherited": false, "PrincipalSID": "S-1-5-21-3266791229-360309560-1389371857-512", "PrincipalType": "Group"}, {"RightName": "WriteDacl", "IsInherited": false, "PrincipalSID": "S-1-5-21-3266791229-360309560-1389371857-512", "PrincipalType": "Group"}, {"RightName": "GenericWrite", "IsInherited": false, "PrincipalSID": "S-1-5-21-2220738282-505633919-3984253722-519", "PrincipalType": "Group"}, {"RightName": "WriteOwner", "IsInherited": false, "PrincipalSID": "S-1-5-21-2220738282-505633919-3984253722-519", "PrincipalType": "Group"}, {"RightName": "WriteDacl", "IsInherited": false, "PrincipalSID": "S-1-5-21-2220738282-505633919-3984253722-519", "PrincipalType": "Group"}]},{"ObjectIdentifier": "69362AF6-22DF-482E-B260-22B341606067", "Properties": {"domain": "NORTH.SEVENKINGDOMS.LOCAL", "name": "LOCAL REMOTE MANAGEMENT USERS@NORTH.SEVENKINGDOMS.LOCAL", "distinguishedname": "CN={276AA65B-86AE-4557-8858-3BC1B2C0B384},CN=POLICIES,CN=SYSTEM,DC=NORTH,DC=SEVENKINGDOMS,DC=LOCAL", "domainsid": "S-1-5-21-3266791229-360309560-1389371857", "highvalue": false, "gpcpath": "\\\\NORTH.SEVENKINGDOMS.LOCAL\\SYSVOL\\NORTH.SEVENKINGDOMS.LOCAL\\POLICIES\\{276AA65B-86AE-4557-8858-3BC1B2C0B384}", "description": "", "whencreated": 1744298471}, "IsDeleted": false, "IsACLProtected": true, "Aces": [{"RightName": "Owns", "IsInherited": false, "PrincipalSID": "S-1-5-21-3266791229-360309560-1389371857-1000", "PrincipalType": "User"}, {"RightName": "GenericWrite", "IsInherited": false, "PrincipalSID": "S-1-5-21-3266791229-360309560-1389371857-1000", "PrincipalType": "User"}, {"RightName": "WriteOwner", "IsInherited": false, "PrincipalSID": "S-1-5-21-3266791229-360309560-1389371857-1000", "PrincipalType": "User"}, {"RightName": "WriteDacl", "IsInherited": false, "PrincipalSID": "S-1-5-21-3266791229-360309560-1389371857-1000", "PrincipalType": "User"}, {"RightName": "GenericWrite", "IsInherited": false, "PrincipalSID": "S-1-5-21-3266791229-360309560-1389371857-512", "PrincipalType": "Group"}, {"RightName": "WriteOwner", "IsInherited": false, "PrincipalSID": "S-1-5-21-3266791229-360309560-1389371857-512", "PrincipalType": "Group"}, {"RightName": "WriteDacl", "IsInherited": false, "PrincipalSID": "S-1-5-21-3266791229-360309560-1389371857-512", "PrincipalType": "Group"}, {"RightName": "GenericWrite", "IsInherited": false, "PrincipalSID": "S-1-5-21-2220738282-505633919-3984253722-519", "PrincipalType": "Group"}, {"RightName": "WriteOwner", "IsInherited": false, "PrincipalSID": "S-1-5-21-2220738282-505633919-3984253722-519", "PrincipalType": "Group"}, {"RightName": "WriteDacl", "IsInherited": false, "PrincipalSID": "S-1-5-21-2220738282-505633919-3984253722-519", "PrincipalType": "Group"}]},{"ObjectIdentifier": "EFD9F5C4-30B2-4D57-A814-34D4993C1D1E", "Properties": {"domain": "NORTH.SEVENKINGDOMS.LOCAL", "name": "DEFAULT DOMAIN CONTROLLERS POLICY@NORTH.SEVENKINGDOMS.LOCAL", "distinguishedname": "CN={6AC1786C-016F-11D2-945F-00C04FB984F9},CN=POLICIES,CN=SYSTEM,DC=NORTH,DC=SEVENKINGDOMS,DC=LOCAL", "domainsid": "S-1-5-21-3266791229-360309560-1389371857", "highvalue": false, "gpcpath": "\\\\NORTH.SEVENKINGDOMS.LOCAL\\SYSVOL\\NORTH.SEVENKINGDOMS.LOCAL\\POLICIES\\{6AC1786C-016F-11D2-945F-00C04FB984F9}", "description": "", "whencreated": 1737397505}, "IsDeleted": false, "IsACLProtected": true, "Aces": [{"RightName": "Owns", "IsInherited": false, "PrincipalSID": "S-1-5-21-3266791229-360309560-1389371857-512", "PrincipalType": "Group"}, {"RightName": "GenericWrite", "IsInherited": false, "PrincipalSID": "S-1-5-21-3266791229-360309560-1389371857-512", "PrincipalType": "Group"}, {"RightName": "WriteOwner", "IsInherited": false, "PrincipalSID": "S-1-5-21-3266791229-360309560-1389371857-512", "PrincipalType": "Group"}, {"RightName": "WriteDacl", "IsInherited": false, "PrincipalSID": "S-1-5-21-3266791229-360309560-1389371857-512", "PrincipalType": "Group"}, {"RightName": "GenericWrite", "IsInherited": false, "PrincipalSID": "S-1-5-21-2220738282-505633919-3984253722-519", "PrincipalType": "Group"}, {"RightName": "WriteOwner", "IsInherited": false, "PrincipalSID": "S-1-5-21-2220738282-505633919-3984253722-519", "PrincipalType": "Group"}, {"RightName": "WriteDacl", "IsInherited": false, "PrincipalSID": "S-1-5-21-2220738282-505633919-3984253722-519", "PrincipalType": "Group"}, {"RightName": "GenericWrite", "IsInherited": false, "PrincipalSID": "S-1-5-21-3266791229-360309560-1389371857-512", "PrincipalType": "Group"}, {"RightName": "WriteOwner", "IsInherited": false, "PrincipalSID": "S-1-5-21-3266791229-360309560-1389371857-512", "PrincipalType": "Group"}, {"RightName": "WriteDacl", "IsInherited": false, "PrincipalSID": "S-1-5-21-3266791229-360309560-1389371857-512", "PrincipalType": "Group"}]},{"ObjectIdentifier": "A863745A-29AD-4662-867C-01E135AA0519", "Properties": {"domain": "NORTH.SEVENKINGDOMS.LOCAL", "name": "LOCAL DISTRUBUTED COM USERS@NORTH.SEVENKINGDOMS.LOCAL", "distinguishedname": "CN={01635BDB-1096-436C-8152-F05E71EE45CB},CN=POLICIES,CN=SYSTEM,DC=NORTH,DC=SEVENKINGDOMS,DC=LOCAL", "domainsid": "S-1-5-21-3266791229-360309560-1389371857", "highvalue": false, "gpcpath": "\\\\NORTH.SEVENKINGDOMS.LOCAL\\SYSVOL\\NORTH.SEVENKINGDOMS.LOCAL\\POLICIES\\{01635BDB-1096-436C-8152-F05E71EE45CB}", "description": "", "whencreated": 1744298423}, "IsDeleted": false, "IsACLProtected": true, "Aces": [{"RightName": "Owns", "IsInherited": false, "PrincipalSID": "S-1-5-21-3266791229-360309560-1389371857-1000", "PrincipalType": "User"}, {"RightName": "GenericWrite", "IsInherited": false, "PrincipalSID": "S-1-5-21-3266791229-360309560-1389371857-1000", "PrincipalType": "User"}, {"RightName": "WriteOwner", "IsInherited": false, "PrincipalSID": "S-1-5-21-3266791229-360309560-1389371857-1000", "PrincipalType": "User"}, {"RightName": "WriteDacl", "IsInherited": false, "PrincipalSID": "S-1-5-21-3266791229-360309560-1389371857-1000", "PrincipalType": "User"}, {"RightName": "GenericWrite", "IsInherited": false, "PrincipalSID": "S-1-5-21-3266791229-360309560-1389371857-512", "PrincipalType": "Group"}, {"RightName": "WriteOwner", "IsInherited": false, "PrincipalSID": "S-1-5-21-3266791229-360309560-1389371857-512", "PrincipalType": "Group"}, {"RightName": "WriteDacl", "IsInherited": false, "PrincipalSID": "S-1-5-21-3266791229-360309560-1389371857-512", "PrincipalType": "Group"}, {"RightName": "GenericWrite", "IsInherited": false, "PrincipalSID": "S-1-5-21-2220738282-505633919-3984253722-519", "PrincipalType": "Group"}, {"RightName": "WriteOwner", "IsInherited": false, "PrincipalSID": "S-1-5-21-2220738282-505633919-3984253722-519", "PrincipalType": "Group"}, {"RightName": "WriteDacl", "IsInherited": false, "PrincipalSID": "S-1-5-21-2220738282-505633919-3984253722-519", "PrincipalType": "Group"}]},{"ObjectIdentifier": "53DE9DFA-966E-4C0D-AB20-D92043F27F54", "Properties": {"domain": "NORTH.SEVENKINGDOMS.LOCAL", "name": "STARKWALLPAPER@NORTH.SEVENKINGDOMS.LOCAL", "distinguishedname": "CN={AFC8E3D9-4440-4D1C-A0CC-B3D15BDE3101},CN=POLICIES,CN=SYSTEM,DC=NORTH,DC=SEVENKINGDOMS,DC=LOCAL", "domainsid": "S-1-5-21-3266791229-360309560-1389371857", "highvalue": false, "gpcpath": "\\\\NORTH.SEVENKINGDOMS.LOCAL\\SYSVOL\\NORTH.SEVENKINGDOMS.LOCAL\\POLICIES\\{AFC8E3D9-4440-4D1C-A0CC-B3D15BDE3101}", "description": "", "whencreated": 1737400202}, "IsDeleted": false, "IsACLProtected": true, "Aces": [{"RightName": "Owns", "IsInherited": false, "PrincipalSID": "S-1-5-21-3266791229-360309560-1389371857-1000", "PrincipalType": "User"}, {"RightName": "GenericWrite", "IsInherited": false, "PrincipalSID": "S-1-5-21-3266791229-360309560-1389371857-1000", "PrincipalType": "User"}, {"RightName": "WriteOwner", "IsInherited": false, "PrincipalSID": "S-1-5-21-3266791229-360309560-1389371857-1000", "PrincipalType": "User"}, {"RightName": "WriteDacl", "IsInherited": false, "PrincipalSID": "S-1-5-21-3266791229-360309560-1389371857-1000", "PrincipalType": "User"}, {"RightName": "GenericWrite", "IsInherited": false, "PrincipalSID": "S-1-5-21-3266791229-360309560-1389371857-1119", "PrincipalType": "User"}, {"RightName": "WriteOwner", "IsInherited": false, "PrincipalSID": "S-1-5-21-3266791229-360309560-1389371857-1119", "PrincipalType": "User"}, {"RightName": "WriteDacl", "IsInherited": false, "PrincipalSID": "S-1-5-21-3266791229-360309560-1389371857-1119", "PrincipalType": "User"}, {"RightName": "GenericWrite", "IsInherited": false, "PrincipalSID": "S-1-5-21-3266791229-360309560-1389371857-512", "PrincipalType": "Group"}, {"RightName": "WriteOwner", "IsInherited": false, "PrincipalSID": "S-1-5-21-3266791229-360309560-1389371857-512", "PrincipalType": "Group"}, {"RightName": "WriteDacl", "IsInherited": false, "PrincipalSID": "S-1-5-21-3266791229-360309560-1389371857-512", "PrincipalType": "Group"}, {"RightName": "GenericWrite", "IsInherited": false, "PrincipalSID": "S-1-5-21-2220738282-505633919-3984253722-519", "PrincipalType": "Group"}, {"RightName": "WriteOwner", "IsInherited": false, "PrincipalSID": "S-1-5-21-2220738282-505633919-3984253722-519", "PrincipalType": "Group"}, {"RightName": "WriteDacl", "IsInherited": false, "PrincipalSID": "S-1-5-21-2220738282-505633919-3984253722-519", "PrincipalType": "Group"}]},{"ObjectIdentifier": "F05BFACF-9167-4DE6-AFDA-5431B2B81198", "Properties": {"domain": "NORTH.SEVENKINGDOMS.LOCAL", "name": "DEFAULT DOMAIN POLICY@NORTH.SEVENKINGDOMS.LOCAL", "distinguishedname": "CN={31B2F340-016D-11D2-945F-00C04FB984F9},CN=POLICIES,CN=SYSTEM,DC=NORTH,DC=SEVENKINGDOMS,DC=LOCAL", "domainsid": "S-1-5-21-3266791229-360309560-1389371857", "highvalue": false, "gpcpath": "\\\\NORTH.SEVENKINGDOMS.LOCAL\\SYSVOL\\NORTH.SEVENKINGDOMS.LOCAL\\POLICIES\\{31B2F340-016D-11D2-945F-00C04FB984F9}", "description": "", "whencreated": 1737397505}, "IsDeleted": false, "IsACLProtected": true, "Aces": [{"RightName": "Owns", "IsInherited": false, "PrincipalSID": "S-1-5-21-3266791229-360309560-1389371857-512", "PrincipalType": "Group"}, {"RightName": "GenericWrite", "IsInherited": false, "PrincipalSID": "S-1-5-21-3266791229-360309560-1389371857-512", "PrincipalType": "Group"}, {"RightName": "WriteOwner", "IsInherited": false, "PrincipalSID": "S-1-5-21-3266791229-360309560-1389371857-512", "PrincipalType": "Group"}, {"RightName": "WriteDacl", "IsInherited": false, "PrincipalSID": "S-1-5-21-3266791229-360309560-1389371857-512", "PrincipalType": "Group"}, {"RightName": "GenericWrite", "IsInherited": false, "PrincipalSID": "S-1-5-21-2220738282-505633919-3984253722-519", "PrincipalType": "Group"}, {"RightName": "WriteOwner", "IsInherited": false, "PrincipalSID": "S-1-5-21-2220738282-505633919-3984253722-519", "PrincipalType": "Group"}, {"RightName": "WriteDacl", "IsInherited": false, "PrincipalSID": "S-1-5-21-2220738282-505633919-3984253722-519", "PrincipalType": "Group"}, {"RightName": "GenericWrite", "IsInherited": false, "PrincipalSID": "S-1-5-21-3266791229-360309560-1389371857-512", "PrincipalType": "Group"}, {"RightName": "WriteOwner", "IsInherited": false, "PrincipalSID": "S-1-5-21-3266791229-360309560-1389371857-512", "PrincipalType": "Group"}, {"RightName": "WriteDacl", "IsInherited": false, "PrincipalSID": "S-1-5-21-3266791229-360309560-1389371857-512", "PrincipalType": "Group"}]},{"ObjectIdentifier": "E13D7D0C-84F4-4776-AD82-FC5E9FB6FB12", "Properties": {"domain": "NORTH.SEVENKINGDOMS.LOCAL", "name": "LOCAL REMOTE DESKTOP USERS@NORTH.SEVENKINGDOMS.LOCAL", "distinguishedname": "CN={B3CB4A8C-8396-4F60-B66C-E66851B3B814},CN=POLICIES,CN=SYSTEM,DC=NORTH,DC=SEVENKINGDOMS,DC=LOCAL", "domainsid": "S-1-5-21-3266791229-360309560-1389371857", "highvalue": false, "gpcpath": "\\\\NORTH.SEVENKINGDOMS.LOCAL\\SYSVOL\\NORTH.SEVENKINGDOMS.LOCAL\\POLICIES\\{B3CB4A8C-8396-4F60-B66C-E66851B3B814}", "description": "", "whencreated": 1744298307}, "IsDeleted": false, "IsACLProtected": true, "Aces": [{"RightName": "Owns", "IsInherited": false, "PrincipalSID": "S-1-5-21-3266791229-360309560-1389371857-1000", "PrincipalType": "User"}, {"RightName": "GenericWrite", "IsInherited": false, "PrincipalSID": "S-1-5-21-3266791229-360309560-1389371857-1000", "PrincipalType": "User"}, {"RightName": "WriteOwner", "IsInherited": false, "PrincipalSID": "S-1-5-21-3266791229-360309560-1389371857-1000", "PrincipalType": "User"}, {"RightName": "WriteDacl", "IsInherited": false, "PrincipalSID": "S-1-5-21-3266791229-360309560-1389371857-1000", "PrincipalType": "User"}, {"RightName": "GenericWrite", "IsInherited": false, "PrincipalSID": "S-1-5-21-3266791229-360309560-1389371857-512", "PrincipalType": "Group"}, {"RightName": "WriteOwner", "IsInherited": false, "PrincipalSID": "S-1-5-21-3266791229-360309560-1389371857-512", "PrincipalType": "Group"}, {"RightName": "WriteDacl", "IsInherited": false, "PrincipalSID": "S-1-5-21-3266791229-360309560-1389371857-512", "PrincipalType": "Group"}, {"RightName": "GenericWrite", "IsInherited": false, "PrincipalSID": "S-1-5-21-2220738282-505633919-3984253722-519", "PrincipalType": "Group"}, {"RightName": "WriteOwner", "IsInherited": false, "PrincipalSID": "S-1-5-21-2220738282-505633919-3984253722-519", "PrincipalType": "Group"}, {"RightName": "WriteDacl", "IsInherited": false, "PrincipalSID": "S-1-5-21-2220738282-505633919-3984253722-519", "PrincipalType": "Group"}]}],"meta":{"methods":0,"type":"gpos","count":18, "version":5}}