{"data":[{"ObjectIdentifier": "1F584FA5-9C58-4EFA-BD7C-E760EB40EA84", "Properties": {"domain": "NORTH.SEVENKINGDOMS.LOCAL", "name": "PARIS@NORTH.SEVENKINGDOMS.LOCAL", "distinguishedname": "OU=PARIS,OU=USERS,OU=DEMO,DC=NORTH,DC=SEVENKINGDOMS,DC=LOCAL", "domainsid": "S-1-5-21-3266791229-360309560-1389371857", "highvalue": false, "blocksinheritance": false, "description": null, "whencreated": 1744297651}, "IsDeleted": false, "IsACLProtected": false, "Aces": [{"RightName": "Owns", "IsInherited": false, "PrincipalSID": "S-1-5-21-3266791229-360309560-1389371857-1000", "PrincipalType": "User"}, {"RightName": "GenericAll", "IsInherited": false, "PrincipalSID": "S-1-5-21-3266791229-360309560-1389371857-512", "PrincipalType": "Group"}, {"RightName": "GenericAll", "IsInherited": true, "PrincipalSID": "S-1-5-21-2220738282-505633919-3984253722-519", "PrincipalType": "Group"}, {"RightName": "GenericWrite", "IsInherited": true, "PrincipalSID": "NORTH.SEVENKINGDOMS.LOCAL-S-1-5-32-544", "PrincipalType": "Group"}, {"RightName": "WriteOwner", "IsInherited": true, "PrincipalSID": "NORTH.SEVENKINGDOMS.LOCAL-S-1-5-32-544", "PrincipalType": "Group"}, {"RightName": "WriteDacl", "IsInherited": true, "PrincipalSID": "NORTH.SEVENKINGDOMS.LOCAL-S-1-5-32-544", "PrincipalType": "Group"}], "Links": [], "ChildObjects": [{"ObjectIdentifier": "S-1-5-21-3266791229-360309560-1389371857-1141", "ObjectType": "User"}, {"ObjectIdentifier": "S-1-5-21-3266791229-360309560-1389371857-1148", "ObjectType": "Group"}, {"ObjectIdentifier": "S-1-5-21-3266791229-360309560-1389371857-1142", "ObjectType": "User"}, {"ObjectIdentifier": "S-1-5-21-3266791229-360309560-1389371857-1144", "ObjectType": "User"}, {"ObjectIdentifier": "S-1-5-21-3266791229-360309560-1389371857-1143", "ObjectType": "User"}, {"ObjectIdentifier": "S-1-5-21-3266791229-360309560-1389371857-1147", "ObjectType": "User"}], "GPOChanges": {"AffectedComputers": [], "DcomUsers": [], "LocalAdmins": [], "PSRemoteUsers": [], "RemoteDesktopUsers": []}},{"ObjectIdentifier": "A345CDE6-0146-4D6E-8B5D-CE06DA4A02B3", "Properties": {"domain": "NORTH.SEVENKINGDOMS.LOCAL", "name": "LYON@NORTH.SEVENKINGDOMS.LOCAL", "distinguishedname": "OU=LYON,OU=USERS,OU=DEMO,DC=NORTH,DC=SEVENKINGDOMS,DC=LOCAL", "domainsid": "S-1-5-21-3266791229-360309560-1389371857", "highvalue": false, "blocksinheritance": false, "description": null, "whencreated": 1744297638}, "IsDeleted": false, "IsACLProtected": false, "Aces": [{"RightName": "Owns", "IsInherited": false, "PrincipalSID": "S-1-5-21-3266791229-360309560-1389371857-1000", "PrincipalType": "User"}, {"RightName": "GenericAll", "IsInherited": false, "PrincipalSID": "S-1-5-21-3266791229-360309560-1389371857-512", "PrincipalType": "Group"}, {"RightName": "GenericAll", "IsInherited": true, "PrincipalSID": "S-1-5-21-2220738282-505633919-3984253722-519", "PrincipalType": "Group"}, {"RightName": "GenericWrite", "IsInherited": true, "PrincipalSID": "NORTH.SEVENKINGDOMS.LOCAL-S-1-5-32-544", "PrincipalType": "Group"}, {"RightName": "WriteOwner", "IsInherited": true, "PrincipalSID": "NORTH.SEVENKINGDOMS.LOCAL-S-1-5-32-544", "PrincipalType": "Group"}, {"RightName": "WriteDacl", "IsInherited": true, "PrincipalSID": "NORTH.SEVENKINGDOMS.LOCAL-S-1-5-32-544", "PrincipalType": "Group"}], "Links": [], "ChildObjects": [{"ObjectIdentifier": "S-1-5-21-3266791229-360309560-1389371857-1146", "ObjectType": "User"}, {"ObjectIdentifier": "S-1-5-21-3266791229-360309560-1389371857-1145", "ObjectType": "User"}], "GPOChanges": {"AffectedComputers": [], "DcomUsers": [], "LocalAdmins": [], "PSRemoteUsers": [], "RemoteDesktopUsers": []}},{"ObjectIdentifier": "90599466-9520-4EF3-84D2-FAE930E12CAB", "Properties": {"domain": "NORTH.SEVENKINGDOMS.LOCAL", "name": "LYON@NORTH.SEVENKINGDOMS.LOCAL", "distinguishedname": "OU=LYON,OU=WORKSTATION,OU=COMPUTER,OU=DEMO,DC=NORTH,DC=SEVENKINGDOMS,DC=LOCAL", "domainsid": "S-1-5-21-3266791229-360309560-1389371857", "highvalue": false, "blocksinheritance": false, "description": null, "whencreated": 1744297580}, "IsDeleted": false, "IsACLProtected": false, "Aces": [{"RightName": "Owns", "IsInherited": false, "PrincipalSID": "S-1-5-21-3266791229-360309560-1389371857-1000", "PrincipalType": "User"}, {"RightName": "GenericAll", "IsInherited": false, "PrincipalSID": "S-1-5-21-3266791229-360309560-1389371857-512", "PrincipalType": "Group"}, {"RightName": "GenericAll", "IsInherited": true, "PrincipalSID": "S-1-5-21-2220738282-505633919-3984253722-519", "PrincipalType": "Group"}, {"RightName": "GenericWrite", "IsInherited": true, "PrincipalSID": "NORTH.SEVENKINGDOMS.LOCAL-S-1-5-32-544", "PrincipalType": "Group"}, {"RightName": "WriteOwner", "IsInherited": true, "PrincipalSID": "NORTH.SEVENKINGDOMS.LOCAL-S-1-5-32-544", "PrincipalType": "Group"}, {"RightName": "WriteDacl", "IsInherited": true, "PrincipalSID": "NORTH.SEVENKINGDOMS.LOCAL-S-1-5-32-544", "PrincipalType": "Group"}], "Links": [{"IsEnforced": true, "GUID": "8DBA134F-A8FF-45DD-A8A0-E8D9EA9974C5"}, {"IsEnforced": false, "GUID": "1A555474-9665-42A8-876C-9E2F175EC984"}, {"IsEnforced": false, "GUID": "858CC239-BBD5-4CFF-A4E9-642F4AA2D174"}, {"IsEnforced": false, "GUID": "2B318418-4EFE-4E07-BBB1-C2DCCEF026BE"}], "ChildObjects": [{"ObjectIdentifier": "S-1-5-21-3266791229-360309560-1389371857-1133", "ObjectType": "Computer"}, {"ObjectIdentifier": "S-1-5-21-3266791229-360309560-1389371857-1132", "ObjectType": "Computer"}], "GPOChanges": {"AffectedComputers": [], "DcomUsers": [], "LocalAdmins": [], "PSRemoteUsers": [], "RemoteDesktopUsers": []}},{"ObjectIdentifier": "59C1AFDE-4E43-4753-8012-EE7D9CDFE80A", "Properties": {"domain": "NORTH.SEVENKINGDOMS.LOCAL", "name": "PARIS@NORTH.SEVENKINGDOMS.LOCAL", "distinguishedname": "OU=PARIS,OU=WORKSTATION,OU=COMPUTER,OU=DEMO,DC=NORTH,DC=SEVENKINGDOMS,DC=LOCAL", "domainsid": "S-1-5-21-3266791229-360309560-1389371857", "highvalue": false, "blocksinheritance": false, "description": null, "whencreated": 1744297602}, "IsDeleted": false, "IsACLProtected": false, "Aces": [{"RightName": "Owns", "IsInherited": false, "PrincipalSID": "S-1-5-21-3266791229-360309560-1389371857-1000", "PrincipalType": "User"}, {"RightName": "GenericAll", "IsInherited": false, "PrincipalSID": "S-1-5-21-3266791229-360309560-1389371857-512", "PrincipalType": "Group"}, {"RightName": "GenericAll", "IsInherited": true, "PrincipalSID": "S-1-5-21-2220738282-505633919-3984253722-519", "PrincipalType": "Group"}, {"RightName": "GenericWrite", "IsInherited": true, "PrincipalSID": "NORTH.SEVENKINGDOMS.LOCAL-S-1-5-32-544", "PrincipalType": "Group"}, {"RightName": "WriteOwner", "IsInherited": true, "PrincipalSID": "NORTH.SEVENKINGDOMS.LOCAL-S-1-5-32-544", "PrincipalType": "Group"}, {"RightName": "WriteDacl", "IsInherited": true, "PrincipalSID": "NORTH.SEVENKINGDOMS.LOCAL-S-1-5-32-544", "PrincipalType": "Group"}], "Links": [{"IsEnforced": false, "GUID": "8DBA134F-A8FF-45DD-A8A0-E8D9EA9974C5"}, {"IsEnforced": false, "GUID": "008D683C-1018-4C44-94B0-E6D5F90A48E8"}, {"IsEnforced": false, "GUID": "460F4CE9-FE63-4419-A206-92C3BDDA861B"}, {"IsEnforced": false, "GUID": "F21645CC-E2A1-4934-9964-B6E7AF34D960"}], "ChildObjects": [{"ObjectIdentifier": "S-1-5-21-3266791229-360309560-1389371857-1137", "ObjectType": "Computer"}, {"ObjectIdentifier": "S-1-5-21-3266791229-360309560-1389371857-1136", "ObjectType": "Computer"}, {"ObjectIdentifier": "S-1-5-21-3266791229-360309560-1389371857-1135", "ObjectType": "Computer"}, {"ObjectIdentifier": "S-1-5-21-3266791229-360309560-1389371857-1134", "ObjectType": "Computer"}], "GPOChanges": {"AffectedComputers": [], "DcomUsers": [], "LocalAdmins": [], "PSRemoteUsers": [], "RemoteDesktopUsers": []}},{"ObjectIdentifier": "AF64D8A6-1AC5-4DA3-BEF3-AFEA8A570A26", "Properties": {"domain": "NORTH.SEVENKINGDOMS.LOCAL", "name": "PARIS@NORTH.SEVENKINGDOMS.LOCAL", "distinguishedname": "OU=PARIS,OU=SERVERS,OU=COMPUTER,OU=DEMO,DC=NORTH,DC=SEVENKINGDOMS,DC=LOCAL", "domainsid": "S-1-5-21-3266791229-360309560-1389371857", "highvalue": false, "blocksinheritance": true, "description": null, "whencreated": 1744297565}, "IsDeleted": false, "IsACLProtected": false, "Aces": [{"RightName": "Owns", "IsInherited": false, "PrincipalSID": "S-1-5-21-3266791229-360309560-1389371857-1000", "PrincipalType": "User"}, {"RightName": "GenericAll", "IsInherited": false, "PrincipalSID": "S-1-5-21-3266791229-360309560-1389371857-512", "PrincipalType": "Group"}, {"RightName": "GenericAll", "IsInherited": true, "PrincipalSID": "S-1-5-21-2220738282-505633919-3984253722-519", "PrincipalType": "Group"}, {"RightName": "GenericWrite", "IsInherited": true, "PrincipalSID": "NORTH.SEVENKINGDOMS.LOCAL-S-1-5-32-544", "PrincipalType": "Group"}, {"RightName": "WriteOwner", "IsInherited": true, "PrincipalSID": "NORTH.SEVENKINGDOMS.LOCAL-S-1-5-32-544", "PrincipalType": "Group"}, {"RightName": "WriteDacl", "IsInherited": true, "PrincipalSID": "NORTH.SEVENKINGDOMS.LOCAL-S-1-5-32-544", "PrincipalType": "Group"}], "Links": [{"IsEnforced": false, "GUID": ""}, {"IsEnforced": false, "GUID": "69362AF6-22DF-482E-B260-22B341606067"}, {"IsEnforced": false, "GUID": "A373BECF-BF0C-42F2-9EC2-9866F4C9F968"}], "ChildObjects": [{"ObjectIdentifier": "S-1-5-21-3266791229-360309560-1389371857-1131", "ObjectType": "Computer"}, {"ObjectIdentifier": "S-1-5-21-3266791229-360309560-1389371857-1128", "ObjectType": "Computer"}, {"ObjectIdentifier": "S-1-5-21-3266791229-360309560-1389371857-1127", "ObjectType": "Computer"}], "GPOChanges": {"AffectedComputers": [], "DcomUsers": [], "LocalAdmins": [], "PSRemoteUsers": [], "RemoteDesktopUsers": []}},{"ObjectIdentifier": "330F7AC5-EDDD-4955-9E79-5A85CD137980", "Properties": {"domain": "NORTH.SEVENKINGDOMS.LOCAL", "name": "LYON@NORTH.SEVENKINGDOMS.LOCAL", "distinguishedname": "OU=LYON,OU=SERVERS,OU=COMPUTER,OU=DEMO,DC=NORTH,DC=SEVENKINGDOMS,DC=LOCAL", "domainsid": "S-1-5-21-3266791229-360309560-1389371857", "highvalue": false, "blocksinheritance": false, "description": null, "whencreated": 1744297557}, "IsDeleted": false, "IsACLProtected": false, "Aces": [{"RightName": "Owns", "IsInherited": false, "PrincipalSID": "S-1-5-21-3266791229-360309560-1389371857-1000", "PrincipalType": "User"}, {"RightName": "GenericAll", "IsInherited": false, "PrincipalSID": "S-1-5-21-3266791229-360309560-1389371857-512", "PrincipalType": "Group"}, {"RightName": "GenericAll", "IsInherited": true, "PrincipalSID": "S-1-5-21-2220738282-505633919-3984253722-519", "PrincipalType": "Group"}, {"RightName": "GenericWrite", "IsInherited": true, "PrincipalSID": "NORTH.SEVENKINGDOMS.LOCAL-S-1-5-32-544", "PrincipalType": "Group"}, {"RightName": "WriteOwner", "IsInherited": true, "PrincipalSID": "NORTH.SEVENKINGDOMS.LOCAL-S-1-5-32-544", "PrincipalType": "Group"}, {"RightName": "WriteDacl", "IsInherited": true, "PrincipalSID": "NORTH.SEVENKINGDOMS.LOCAL-S-1-5-32-544", "PrincipalType": "Group"}], "Links": [{"IsEnforced": false, "GUID": "A863745A-29AD-4662-867C-01E135AA0519"}], "ChildObjects": [{"ObjectIdentifier": "S-1-5-21-3266791229-360309560-1389371857-1130", "ObjectType": "Computer"}, {"ObjectIdentifier": "S-1-5-21-3266791229-360309560-1389371857-1129", "ObjectType": "Computer"}], "GPOChanges": {"AffectedComputers": [], "DcomUsers": [], "LocalAdmins": [], "PSRemoteUsers": [], "RemoteDesktopUsers": []}},{"ObjectIdentifier": "2455BAE9-10CE-479B-9252-CE50034BB667", "Properties": {"domain": "NORTH.SEVENKINGDOMS.LOCAL", "name": "WORKSTATION@NORTH.SEVENKINGDOMS.LOCAL", "distinguishedname": "OU=WORKSTATION,OU=COMPUTER,OU=DEMO,DC=NORTH,DC=SEVENKINGDOMS,DC=LOCAL", "domainsid": "S-1-5-21-3266791229-360309560-1389371857", "highvalue": false, "blocksinheritance": false, "description": null, "whencreated": 1744297316}, "IsDeleted": false, "IsACLProtected": false, "Aces": [{"RightName": "Owns", "IsInherited": false, "PrincipalSID": "S-1-5-21-3266791229-360309560-1389371857-1000", "PrincipalType": "User"}, {"RightName": "GenericAll", "IsInherited": false, "PrincipalSID": "S-1-5-21-3266791229-360309560-1389371857-512", "PrincipalType": "Group"}, {"RightName": "GenericAll", "IsInherited": true, "PrincipalSID": "S-1-5-21-2220738282-505633919-3984253722-519", "PrincipalType": "Group"}, {"RightName": "GenericWrite", "IsInherited": true, "PrincipalSID": "NORTH.SEVENKINGDOMS.LOCAL-S-1-5-32-544", "PrincipalType": "Group"}, {"RightName": "WriteOwner", "IsInherited": true, "PrincipalSID": "NORTH.SEVENKINGDOMS.LOCAL-S-1-5-32-544", "PrincipalType": "Group"}, {"RightName": "WriteDacl", "IsInherited": true, "PrincipalSID": "NORTH.SEVENKINGDOMS.LOCAL-S-1-5-32-544", "PrincipalType": "Group"}], "Links": [], "ChildObjects": [{"ObjectIdentifier": "59C1AFDE-4E43-4753-8012-EE7D9CDFE80A", "ObjectType": "OU"}, {"ObjectIdentifier": "90599466-9520-4EF3-84D2-FAE930E12CAB", "ObjectType": "OU"}], "GPOChanges": {"AffectedComputers": [], "DcomUsers": [], "LocalAdmins": [], "PSRemoteUsers": [], "RemoteDesktopUsers": []}},{"ObjectIdentifier": "34923B17-1E97-43AC-BB5C-B9EDB5442DD3", "Properties": {"domain": "NORTH.SEVENKINGDOMS.LOCAL", "name": "USERS@NORTH.SEVENKINGDOMS.LOCAL", "distinguishedname": "OU=USERS,OU=DEMO,DC=NORTH,DC=SEVENKINGDOMS,DC=LOCAL", "domainsid": "S-1-5-21-3266791229-360309560-1389371857", "highvalue": false, "blocksinheritance": false, "description": null, "whencreated": 1744297164}, "IsDeleted": false, "IsACLProtected": false, "Aces": [{"RightName": "Owns", "IsInherited": false, "PrincipalSID": "S-1-5-21-3266791229-360309560-1389371857-1000", "PrincipalType": "User"}, {"RightName": "GenericAll", "IsInherited": false, "PrincipalSID": "S-1-5-21-3266791229-360309560-1389371857-512", "PrincipalType": "Group"}, {"RightName": "GenericAll", "IsInherited": true, "PrincipalSID": "S-1-5-21-2220738282-505633919-3984253722-519", "PrincipalType": "Group"}, {"RightName": "GenericWrite", "IsInherited": true, "PrincipalSID": "NORTH.SEVENKINGDOMS.LOCAL-S-1-5-32-544", "PrincipalType": "Group"}, {"RightName": "WriteOwner", "IsInherited": true, "PrincipalSID": "NORTH.SEVENKINGDOMS.LOCAL-S-1-5-32-544", "PrincipalType": "Group"}, {"RightName": "WriteDacl", "IsInherited": true, "PrincipalSID": "NORTH.SEVENKINGDOMS.LOCAL-S-1-5-32-544", "PrincipalType": "Group"}], "Links": [], "ChildObjects": [{"ObjectIdentifier": "1F584FA5-9C58-4EFA-BD7C-E760EB40EA84", "ObjectType": "OU"}, {"ObjectIdentifier": "A345CDE6-0146-4D6E-8B5D-CE06DA4A02B3", "ObjectType": "OU"}, {"ObjectIdentifier": "S-1-5-21-3266791229-360309560-1389371857-1150", "ObjectType": "User"}, {"ObjectIdentifier": "S-1-5-21-3266791229-360309560-1389371857-1149", "ObjectType": "Group"}], "GPOChanges": {"AffectedComputers": [], "DcomUsers": [], "LocalAdmins": [], "PSRemoteUsers": [], "RemoteDesktopUsers": []}},{"ObjectIdentifier": "7715BF0E-D89B-44E8-9747-95B3F3E0E9CC", "Properties": {"domain": "NORTH.SEVENKINGDOMS.LOCAL", "name": "SERVERS@NORTH.SEVENKINGDOMS.LOCAL", "distinguishedname": "OU=SERVERS,OU=COMPUTER,OU=DEMO,DC=NORTH,DC=SEVENKINGDOMS,DC=LOCAL", "domainsid": "S-1-5-21-3266791229-360309560-1389371857", "highvalue": false, "blocksinheritance": false, "description": null, "whencreated": 1744297288}, "IsDeleted": false, "IsACLProtected": false, "Aces": [{"RightName": "Owns", "IsInherited": false, "PrincipalSID": "S-1-5-21-3266791229-360309560-1389371857-1000", "PrincipalType": "User"}, {"RightName": "GenericAll", "IsInherited": false, "PrincipalSID": "S-1-5-21-3266791229-360309560-1389371857-512", "PrincipalType": "Group"}, {"RightName": "GenericAll", "IsInherited": true, "PrincipalSID": "S-1-5-21-2220738282-505633919-3984253722-519", "PrincipalType": "Group"}, {"RightName": "GenericWrite", "IsInherited": true, "PrincipalSID": "NORTH.SEVENKINGDOMS.LOCAL-S-1-5-32-544", "PrincipalType": "Group"}, {"RightName": "WriteOwner", "IsInherited": true, "PrincipalSID": "NORTH.SEVENKINGDOMS.LOCAL-S-1-5-32-544", "PrincipalType": "Group"}, {"RightName": "WriteDacl", "IsInherited": true, "PrincipalSID": "NORTH.SEVENKINGDOMS.LOCAL-S-1-5-32-544", "PrincipalType": "Group"}], "Links": [{"IsEnforced": false, "GUID": "A79AD3B8-90FB-4120-B277-3263F94AD4CE"}], "ChildObjects": [{"ObjectIdentifier": "AF64D8A6-1AC5-4DA3-BEF3-AFEA8A570A26", "ObjectType": "OU"}, {"ObjectIdentifier": "330F7AC5-EDDD-4955-9E79-5A85CD137980", "ObjectType": "OU"}], "GPOChanges": {"AffectedComputers": [], "DcomUsers": [], "LocalAdmins": [], "PSRemoteUsers": [], "RemoteDesktopUsers": []}},{"ObjectIdentifier": "F935328C-292A-43D7-8035-149D9C4C3C38", "Properties": {"domain": "NORTH.SEVENKINGDOMS.LOCAL", "name": "COMPUTER@NORTH.SEVENKINGDOMS.LOCAL", "distinguishedname": "OU=COMPUTER,OU=DEMO,DC=NORTH,DC=SEVENKINGDOMS,DC=LOCAL", "domainsid": "S-1-5-21-3266791229-360309560-1389371857", "highvalue": false, "blocksinheritance": false, "description": null, "whencreated": 1744297146}, "IsDeleted": false, "IsACLProtected": false, "Aces": [{"RightName": "Owns", "IsInherited": false, "PrincipalSID": "S-1-5-21-3266791229-360309560-1389371857-1000", "PrincipalType": "User"}, {"RightName": "GenericAll", "IsInherited": false, "PrincipalSID": "S-1-5-21-3266791229-360309560-1389371857-512", "PrincipalType": "Group"}, {"RightName": "GenericAll", "IsInherited": true, "PrincipalSID": "S-1-5-21-2220738282-505633919-3984253722-519", "PrincipalType": "Group"}, {"RightName": "GenericWrite", "IsInherited": true, "PrincipalSID": "NORTH.SEVENKINGDOMS.LOCAL-S-1-5-32-544", "PrincipalType": "Group"}, {"RightName": "WriteOwner", "IsInherited": true, "PrincipalSID": "NORTH.SEVENKINGDOMS.LOCAL-S-1-5-32-544", "PrincipalType": "Group"}, {"RightName": "WriteDacl", "IsInherited": true, "PrincipalSID": "NORTH.SEVENKINGDOMS.LOCAL-S-1-5-32-544", "PrincipalType": "Group"}], "Links": [{"IsEnforced": true, "GUID": "2272A338-A1B9-43E4-88D1-69AC7F073133"}, {"IsEnforced": false, "GUID": "249B6363-2A5B-4759-9900-2A0ADCCCB2E6"}, {"IsEnforced": false, "GUID": "E13D7D0C-84F4-4776-AD82-FC5E9FB6FB12"}], "ChildObjects": [{"ObjectIdentifier": "2455BAE9-10CE-479B-9252-CE50034BB667", "ObjectType": "OU"}, {"ObjectIdentifier": "7715BF0E-D89B-44E8-9747-95B3F3E0E9CC", "ObjectType": "OU"}], "GPOChanges": {"AffectedComputers": [], "DcomUsers": [], "LocalAdmins": [], "PSRemoteUsers": [], "RemoteDesktopUsers": []}},{"ObjectIdentifier": "7815F758-5B03-4D93-B4FF-5AD1980E3EFA", "Properties": {"domain": "NORTH.SEVENKINGDOMS.LOCAL", "name": "DEMO@NORTH.SEVENKINGDOMS.LOCAL", "distinguishedname": "OU=DEMO,DC=NORTH,DC=SEVENKINGDOMS,DC=LOCAL", "domainsid": "S-1-5-21-3266791229-360309560-1389371857", "highvalue": false, "blocksinheritance": false, "description": null, "whencreated": 1744296804}, "IsDeleted": false, "IsACLProtected": false, "Aces": [{"RightName": "Owns", "IsInherited": false, "PrincipalSID": "S-1-5-21-3266791229-360309560-1389371857-1113", "PrincipalType": "User"}, {"RightName": "GenericAll", "IsInherited": false, "PrincipalSID": "S-1-5-21-3266791229-360309560-1389371857-512", "PrincipalType": "Group"}, {"RightName": "GenericAll", "IsInherited": true, "PrincipalSID": "S-1-5-21-2220738282-505633919-3984253722-519", "PrincipalType": "Group"}, {"RightName": "GenericWrite", "IsInherited": true, "PrincipalSID": "NORTH.SEVENKINGDOMS.LOCAL-S-1-5-32-544", "PrincipalType": "Group"}, {"RightName": "WriteOwner", "IsInherited": true, "PrincipalSID": "NORTH.SEVENKINGDOMS.LOCAL-S-1-5-32-544", "PrincipalType": "Group"}, {"RightName": "WriteDacl", "IsInherited": true, "PrincipalSID": "NORTH.SEVENKINGDOMS.LOCAL-S-1-5-32-544", "PrincipalType": "Group"}], "Links": [], "ChildObjects": [{"ObjectIdentifier": "34923B17-1E97-43AC-BB5C-B9EDB5442DD3", "ObjectType": "OU"}, {"ObjectIdentifier": "F935328C-292A-43D7-8035-149D9C4C3C38", "ObjectType": "OU"}], "GPOChanges": {"AffectedComputers": [], "DcomUsers": [], "LocalAdmins": [], "PSRemoteUsers": [], "RemoteDesktopUsers": []}},{"ObjectIdentifier": "3455215C-0613-4C84-BF6C-628717C05C13", "Properties": {"domain": "NORTH.SEVENKINGDOMS.LOCAL", "name": "DOMAIN CONTROLLERS@NORTH.SEVENKINGDOMS.LOCAL", "distinguishedname": "OU=DOMAIN CONTROLLERS,DC=NORTH,DC=SEVENKINGDOMS,DC=LOCAL", "domainsid": "S-1-5-21-3266791229-360309560-1389371857", "highvalue": false, "blocksinheritance": false, "description": "Default container for domain controllers", "whencreated": 1737397505}, "IsDeleted": false, "IsACLProtected": false, "Aces": [{"RightName": "Owns", "IsInherited": false, "PrincipalSID": "S-1-5-21-3266791229-360309560-1389371857-512", "PrincipalType": "Group"}, {"RightName": "GenericWrite", "IsInherited": false, "PrincipalSID": "S-1-5-21-3266791229-360309560-1389371857-512", "PrincipalType": "Group"}, {"RightName": "WriteOwner", "IsInherited": false, "PrincipalSID": "S-1-5-21-3266791229-360309560-1389371857-512", "PrincipalType": "Group"}, {"RightName": "WriteDacl", "IsInherited": false, "PrincipalSID": "S-1-5-21-3266791229-360309560-1389371857-512", "PrincipalType": "Group"}, {"RightName": "GenericAll", "IsInherited": true, "PrincipalSID": "S-1-5-21-2220738282-505633919-3984253722-519", "PrincipalType": "Group"}, {"RightName": "GenericWrite", "IsInherited": true, "PrincipalSID": "NORTH.SEVENKINGDOMS.LOCAL-S-1-5-32-544", "PrincipalType": "Group"}, {"RightName": "WriteOwner", "IsInherited": true, "PrincipalSID": "NORTH.SEVENKINGDOMS.LOCAL-S-1-5-32-544", "PrincipalType": "Group"}, {"RightName": "WriteDacl", "IsInherited": true, "PrincipalSID": "NORTH.SEVENKINGDOMS.LOCAL-S-1-5-32-544", "PrincipalType": "Group"}], "Links": [{"IsEnforced": false, "GUID": "EFD9F5C4-30B2-4D57-A814-34D4993C1D1E"}], "ChildObjects": [{"ObjectIdentifier": "S-1-5-21-3266791229-360309560-1389371857-1001", "ObjectType": "Computer"}], "GPOChanges": {"AffectedComputers": [], "DcomUsers": [], "LocalAdmins": [], "PSRemoteUsers": [], "RemoteDesktopUsers": []}}],"meta":{"methods":0,"type":"ous","count":12, "version":5}}