{"data": [{"ObjectIdentifier": "S-1-5-21-3266791229-360309560-1389371857", "Properties": {"name": "NORTH.SEVENKINGDOMS.LOCAL", "domain": "NORTH.SEVENKINGDOMS.LOCAL", "domainsid": "S-1-5-21-3266791229-360309560-1389371857", "distinguishedname": "DC=NORTH,DC=SEVENKINGDOMS,DC=LOCAL", "description": "", "functionallevel": "2016", "highvalue": true, "whencreated": 1737397505}, "Trusts": [{"TargetDomainName": "SEVENKINGDOMS.LOCAL", "TargetDomainSid": "S-1-5-21-2220738282-505633919-3984253722", "IsTransitive": true, "TrustDirection": 3, "TrustType": 0, "SidFilteringEnabled": false}], "Aces": [{"RightName": "Owns", "IsInherited": false, "PrincipalSID": "NORTH.SEVENKINGDOMS.LOCAL-S-1-5-32-544", "PrincipalType": "Group"}, {"RightName": "GetChanges", "IsInherited": false, "PrincipalSID": "S-1-5-21-2220738282-505633919-3984253722-498", "PrincipalType": "Group"}, {"RightName": "GetChangesAll", "IsInherited": false, "PrincipalSID": "S-1-5-21-3266791229-360309560-1389371857-516", "PrincipalType": "Group"}, {"RightName": "GetChangesInFilteredSet", "IsInherited": false, "PrincipalSID": "NORTH.SEVENKINGDOMS.LOCAL-S-1-5-32-544", "PrincipalType": "Group"}, {"RightName": "GetChanges", "IsInherited": false, "PrincipalSID": "NORTH.SEVENKINGDOMS.LOCAL-S-1-5-32-544", "PrincipalType": "Group"}, {"RightName": "GetChangesAll", "IsInherited": false, "PrincipalSID": "NORTH.SEVENKINGDOMS.LOCAL-S-1-5-32-544", "PrincipalType": "Group"}, {"RightName": "GetChangesInFilteredSet", "IsInherited": false, "PrincipalSID": "NORTH.SEVENKINGDOMS.LOCAL-S-1-5-9", "PrincipalType": "Group"}, {"RightName": "GetChanges", "IsInherited": false, "PrincipalSID": "NORTH.SEVENKINGDOMS.LOCAL-S-1-5-9", "PrincipalType": "Group"}, {"RightName": "WriteOwner", "IsInherited": false, "PrincipalSID": "S-1-5-21-3266791229-360309560-1389371857-512", "PrincipalType": "Group"}, {"RightName": "AllExtendedRights", "IsInherited": false, "PrincipalSID": "S-1-5-21-3266791229-360309560-1389371857-512", "PrincipalType": "Group"}, {"RightName": "WriteDacl", "IsInherited": false, "PrincipalSID": "S-1-5-21-3266791229-360309560-1389371857-512", "PrincipalType": "Group"}, {"RightName": "GenericAll", "IsInherited": false, "PrincipalSID": "S-1-5-21-2220738282-505633919-3984253722-519", "PrincipalType": "Group"}, {"RightName": "WriteOwner", "IsInherited": false, "PrincipalSID": "NORTH.SEVENKINGDOMS.LOCAL-S-1-5-32-544", "PrincipalType": "Group"}, {"RightName": "AllExtendedRights", "IsInherited": false, "PrincipalSID": "NORTH.SEVENKINGDOMS.LOCAL-S-1-5-32-544", "PrincipalType": "Group"}, {"RightName": "WriteDacl", "IsInherited": false, "PrincipalSID": "NORTH.SEVENKINGDOMS.LOCAL-S-1-5-32-544", "PrincipalType": "Group"}], "Links": [{"IsEnforced": false, "GUID": "F05BFACF-9167-4DE6-AFDA-5431B2B81198"}], "ChildObjects": [{"ObjectIdentifier": "87DB84C5-CDF3-41C7-960D-3F9C601D252A", "ObjectType": "Container"}, {"ObjectIdentifier": "B38D5801-753E-4622-90DE-1591AD186436", "ObjectType": "Container"}, {"ObjectIdentifier": "B9E44752-1851-4B30-84B3-7002235957AC", "ObjectType": "Container"}, {"ObjectIdentifier": "3455215C-0613-4C84-BF6C-628717C05C13", "ObjectType": "OU"}, {"ObjectIdentifier": "7815F758-5B03-4D93-B4FF-5AD1980E3EFA", "ObjectType": "OU"}, {"ObjectIdentifier": "55E8F1F5-F055-40BE-A408-95A84A00E62D", "ObjectType": "Container"}], "GPOChanges": {"AffectedComputers": [], "DcomUsers": [], "LocalAdmins": [], "PSRemoteUsers": [], "RemoteDesktopUsers": []}, "IsDeleted": false, "IsACLProtected": false}], "meta": {"type": "domains", "count": 1, "version": 5}}